entry_time,exit_time,direction,entry_price,exit_price,pnl_before_costs,pnl_after_costs,exit_reason,hold_candles,distance_from_sma
2025-01-07 15:00:00,2025-01-07 15:50:00,LONG,2647.119,2648.45,0.0005028107916567696,0.0004945754975391225,Timeout,10,0.003968238677596039
2025-01-08 17:35:00,2025-01-08 18:25:00,LONG,2651.541,2656.078,0.0017110804622669637,0.0017028451681493167,Timeout,10,0.0038855895496241366
2025-01-10 13:30:00,2025-01-10 13:40:00,LONG,2666.56,2675.778,0.003456888275530964,0.003448652981413317,Take Profit,2,0.003677097083883275
2025-01-10 13:45:00,2025-01-10 14:20:00,SHORT,2680.577,2688.091,-0.0028031278340445616,-0.0028113631281622086,Stop Loss,7,0.002294580607085672
2025-01-19 23:20:00,2025-01-20 00:10:00,LONG,2693.326,2696.019,0.000999878960066385,0.000991643665948738,Timeout,10,0.002541244542992549
2025-01-23 09:25:00,2025-01-23 10:15:00,LONG,2743.845,2746.587,0.000999327585924201,0.000991092291806554,Timeout,10,0.0020113381040110807
2025-01-27 15:00:00,2025-01-27 15:50:00,LONG,2743.505,2742.537,-0.0003528333281697325,-0.00036106862228737954,Timeout,10,0.0023008523767954685
2025-01-29 15:25:00,2025-01-29 16:15:00,LONG,2750.246,2753.187,0.0010693588864413596,0.0010611235923237126,Timeout,10,0.0021219919963522483
2025-02-02 23:20:00,2025-02-02 23:35:00,LONG,2793.027,2786.548,-0.0023197054665065066,-0.0023279407606241536,Stop Loss,3,0.0023383948669312375
2025-02-02 23:35:00,2025-02-03 00:15:00,LONG,2786.548,2795.156,0.003089126761857386,0.003080891467739739,Take Profit,8,0.002107769182515572
2025-02-03 04:05:00,2025-02-03 04:55:00,SHORT,2782.355,2780.785,0.0005642701955717957,0.0005560349014541486,Timeout,10,0.0020967130362588107
2025-02-03 14:45:00,2025-02-03 15:30:00,SHORT,2826.237,2815.071,0.003950836394824697,0.00394260110070705,Take Profit,9,0.0027903533921606423
2025-02-03 15:30:00,2025-02-03 16:20:00,LONG,2815.071,2821.053,0.0021249908084023357,0.0021167555142846887,Timeout,10,0.0022693566165826085
2025-02-04 13:20:00,2025-02-04 14:10:00,SHORT,2832.255,2832.804,-0.00019383847852681984,-0.0002020737726444669,Timeout,10,0.0023936404031416293
2025-02-05 16:05:00,2025-02-05 16:55:00,LONG,2869.077,2874.884,0.0020239958704488547,0.0020157605763312077,Timeout,10,0.00301769523787596
2025-02-06 14:45:00,2025-02-06 14:55:00,LONG,2848.22,2841.827,-0.0022445597601307393,-0.0022527950542483863,Stop Loss,2,0.0021772896756572092
2025-02-06 14:55:00,2025-02-06 15:45:00,LONG,2841.827,2852.63,0.003801427743490326,0.003793192449372679,Take Profit,10,0.0028727997868975693
2025-02-07 14:15:00,2025-02-07 14:35:00,SHORT,2868.994,2875.641,-0.0023168399794492194,-0.0023250752735668664,Stop Loss,4,0.002069017920567331
2025-02-07 16:00:00,2025-02-07 16:30:00,LONG,2874.604,2866.137,-0.0029454491818697963,-0.0029536844759874433,Stop Loss,6,0.0023463405742147237
2025-02-10 01:05:00,2025-02-10 01:45:00,SHORT,2876.091,2867.259,0.003070834684994279,0.003062599390876632,Take Profit,8,0.0020370009154786913
2025-02-11 02:30:00,2025-02-11 02:35:00,LONG,2931.616,2914.627,-0.005795097311516935,-0.005803332605634583,Stop Loss,1,0.002124152685754141
2025-02-11 02:35:00,2025-02-11 03:25:00,LONG,2914.627,2922.373,0.002657629947159652,0.002649394653042005,Timeout,10,0.006225153338660411
2025-02-11 12:55:00,2025-02-11 13:15:00,LONG,2889.45,2882.703,-0.002335046462129417,-0.002343281756247064,Stop Loss,4,0.002087110003633927
2025-02-12 13:15:00,2025-02-12 13:30:00,LONG,2874.304,2867.545,-0.002351525795462141,-0.002359761089579788,Stop Loss,3,0.002354309077954115
2025-02-12 13:30:00,2025-02-12 13:50:00,LONG,2867.545,2876.612,0.003161938173594488,0.003153702879476841,Take Profit,4,0.0026544657538067145
2025-02-12 13:55:00,2025-02-12 14:10:00,SHORT,2884.725,2893.918,-0.003186785568815125,-0.003195020862932772,Stop Loss,3,0.0030565825165310063
2025-02-12 14:10:00,2025-02-12 15:00:00,SHORT,2893.918,2888.334,0.0019295640028502146,0.0019213287087325676,Timeout,10,0.002998288133941661
2025-02-14 13:40:00,2025-02-14 14:25:00,LONG,2917.93,2926.91,0.0030775241352602764,0.0030692888411426294,Take Profit,9,0.0032027498946171273
2025-02-14 15:15:00,2025-02-14 15:25:00,LONG,2909.551,2900.225,-0.0032053055608923927,-0.0032135408550100397,Stop Loss,2,0.002465397581963583
2025-02-14 15:25:00,2025-02-14 16:15:00,LONG,2900.225,2895.697,-0.0015612581782447198,-0.0015694934723623668,Timeout,10,0.003366635347257583
2025-02-16 23:05:00,2025-02-16 23:25:00,SHORT,2892.842,2883.156,0.0033482644402978625,0.0033400291461802155,Take Profit,4,0.002686493074976108
2025-02-16 23:25:00,2025-02-17 00:15:00,LONG,2883.156,2886.698,0.0012285148635730833,0.0012202795694554363,Timeout,10,0.0023470114000076064
2025-02-19 02:45:00,2025-02-19 03:35:00,LONG,2926.626,2928.957,0.0007964803155578048,0.0007882450214401577,Timeout,10,0.0021408270137693616
2025-02-19 15:55:00,2025-02-19 16:45:00,LONG,2925.73,2928.076,0.000801851161932237,0.0007936158678145898,Timeout,10,0.002610357073277324
2025-02-20 12:20:00,2025-02-20 13:10:00,LONG,2940.882,2943.427,0.0008653866425106729,0.0008571513483930258,Timeout,10,0.002256125883323358
2025-02-20 13:45:00,2025-02-20 14:05:00,LONG,2936.425,2928.52,-0.0026920490051679166,-0.0027002842992855636,Stop Loss,4,0.0020835539814570057
2025-02-20 14:40:00,2025-02-20 15:30:00,SHORT,2939.3,2935.794,0.0011928010070425994,0.0011845657129249524,Timeout,10,0.0020996835981354984
2025-02-21 01:40:00,2025-02-21 01:55:00,LONG,2936.516,2928.821,-0.002620452263839245,-0.002628687557956892,Stop Loss,3,0.0023454324784881373
2025-02-24 14:25:00,2025-02-24 14:35:00,LONG,2942.583,2936.383,-0.0021069923940973873,-0.0021152276882150343,Stop Loss,2,0.0020855146651767398
2025-02-24 14:35:00,2025-02-24 15:25:00,LONG,2936.383,2935.915,-0.00015937975393531676,-0.00016761504805296382,Timeout,10,0.0022432359811374895
2025-02-25 12:30:00,2025-02-25 13:20:00,LONG,2927.161,2929.203,0.0006976042657031562,0.0006893689715855091,Timeout,10,0.0030635144428338575
2025-02-25 15:15:00,2025-02-25 15:20:00,LONG,2920.439,2910.561,-0.0033823681987535784,-0.0033906034928712254,Stop Loss,1,0.0028027293156954658
2025-02-25 15:20:00,2025-02-25 15:40:00,LONG,2910.561,2904.255,-0.00216659262595769,-0.002174827920075337,Stop Loss,4,0.004667416350318592
2025-02-25 16:05:00,2025-02-25 16:55:00,LONG,2894.515,2896.428,0.000660905194825389,0.0006526699007077419,Timeout,10,0.003000019001456305
2025-02-26 14:05:00,2025-02-26 14:20:00,LONG,2899.488,2893.15,-0.0021859031663520384,-0.0021941384604696854,Stop Loss,3,0.0020568458983103196
2025-02-26 14:45:00,2025-02-26 15:20:00,SHORT,2902.256,2908.719,-0.0022268883241175806,-0.0022351236182352277,Stop Loss,7,0.002275884691081529
2025-02-27 14:45:00,2025-02-27 15:35:00,LONG,2871.995,2876.964,0.0017301562154530391,0.0017219209213353921,Timeout,10,0.003828767111363371
2025-03-02 23:05:00,2025-03-02 23:45:00,SHORT,2873.92,2864.929,0.003128479567976835,0.003120244273859188,Take Profit,8,0.004290376906803367
2025-03-04 07:25:00,2025-03-04 08:10:00,SHORT,2899.383,2905.472,-0.0021001019872160377,-0.0021083372813336847,Stop Loss,9,0.002025189497213681
2025-03-04 08:15:00,2025-03-04 08:35:00,SHORT,2910.002,2917.992,-0.002745702580273222,-0.002753937874390869,Stop Loss,4,0.002519860811092116
2025-03-04 14:55:00,2025-03-04 15:45:00,LONG,2903.542,2906.513,0.0010232330030011632,0.0010149977088835162,Timeout,10,0.0020782892067689944
2025-03-05 01:15:00,2025-03-05 02:05:00,LONG,2904.144,2910.859,0.002312213168493073,0.002303977874375426,Timeout,10,0.002294307720278337
2025-03-05 13:40:00,2025-03-05 14:30:00,LONG,2899.88,2908.697,0.003040470640164423,0.003032235346046776,Take Profit,10,0.0031158530697820955
2025-03-05 14:35:00,2025-03-05 15:25:00,SHORT,2914.607,2918.214,-0.0012375596435471304,-0.0012457949376647774,Timeout,10,0.002711240314731967
2025-03-06 15:20:00,2025-03-06 16:10:00,LONG,2910.983,2914.203,0.0011061555495170531,0.0010979202553994061,Timeout,10,0.0020898782301372004
2025-03-07 00:10:00,2025-03-07 01:00:00,LONG,2899.839,2903.172,0.0011493741549100083,0.0011411388607923613,Timeout,10,0.002302886470593672
2025-03-07 13:40:00,2025-03-07 13:55:00,SHORT,2922.957,2913.829,0.00312286496174925,0.003114629667631603,Take Profit,3,0.002094591196517841
2025-03-07 14:00:00,2025-03-07 14:35:00,LONG,2909.569,2920.879,0.0038871736673025954,0.0038789383731849484,Take Profit,7,0.002451222156958664
2025-03-07 15:40:00,2025-03-07 16:30:00,LONG,2914.417,2915.429,0.0003472392591726479,0.00033900396505500086,Timeout,10,0.0025240039431557743
2025-03-07 17:15:00,2025-03-07 18:05:00,LONG,2905.919,2906.86,0.00032382182710538675,0.0003155865329877397,Timeout,10,0.0020927630811457686
2025-03-10 09:10:00,2025-03-10 09:45:00,SHORT,2908.451,2914.608,-0.002116934409415924,-0.002125169703533571,Stop Loss,7,0.002096648697193096
2025-03-11 13:35:00,2025-03-11 14:25:00,SHORT,2919.003,2916.034,0.0010171281084671892,0.0010088928143495422,Timeout,10,0.0020167844979947507
2025-03-12 13:20:00,2025-03-12 13:50:00,LONG,2908.022,2916.812,0.003022673143463139,0.003014437849345492,Take Profit,6,0.002039461874772643
2025-03-13 14:40:00,2025-03-13 15:10:00,SHORT,2964.884,2972.469,-0.002558278839914154,-0.002566514134031801,Stop Loss,6,0.0026911676814338334
2025-03-14 10:35:00,2025-03-14 11:25:00,LONG,2990.039,2996.781,0.002254820087630875,0.002246584793513228,Timeout,10,0.00327266634314795
2025-03-18 13:35:00,2025-03-18 14:25:00,LONG,3027.737,3029.139,0.0004630521078944583,0.00045481681377681127,Timeout,10,0.002123896494312315
2025-03-21 13:35:00,2025-03-21 13:55:00,LONG,3016.69,3006.662,-0.00332417318319093,-0.003332408477308577,Stop Loss,4,0.0036477728901543926
2025-03-21 14:05:00,2025-03-21 14:40:00,LONG,2999.686,3009.584,0.0032996786997037965,0.0032914434055861495,Take Profit,7,0.0023665810354816155
2025-03-24 14:30:00,2025-03-24 15:20:00,LONG,3010.723,3011.842,0.00037167152208959173,0.0003634362279719447,Timeout,10,0.002583698334253947
2025-03-30 22:05:00,2025-03-30 22:55:00,SHORT,3095.86,3090.003,0.0018918814158262877,0.0018836461217086407,Timeout,10,0.0029323031403228747
2025-03-31 01:25:00,2025-03-31 02:05:00,SHORT,3091.541,3098.675,-0.0023075870577165284,-0.0023158223518341754,Stop Loss,8,0.0021111801525517835
2025-03-31 02:30:00,2025-03-31 03:20:00,SHORT,3106.348,3106.835,-0.00015677573794052697,-0.00016501103205817402,Timeout,10,0.0020071801356447098
2025-03-31 13:35:00,2025-03-31 14:25:00,LONG,3108.573,3112.499,0.0012629589203792002,0.0012547236262615532,Timeout,10,0.0023350907313420227
2025-04-01 05:50:00,2025-04-01 06:40:00,LONG,3134.45,3133.526,-0.0002947885593963784,-0.00030302385351402544,Timeout,10,0.0028868222495174846
2025-04-01 15:55:00,2025-04-01 16:10:00,LONG,3113.725,3107.143,-0.0021138668315281153,-0.0021221021256457623,Stop Loss,3,0.0020843844591285957
2025-04-01 16:15:00,2025-04-01 17:05:00,LONG,3102.434,3107.463,0.0016209853295831582,0.0016127500354655112,Timeout,10,0.002286204960363346
2025-04-02 01:10:00,2025-04-02 02:00:00,SHORT,3132.205,3133.93,-0.0005507302363670032,-0.0005589655304846503,Timeout,10,0.002112760818656518
2025-04-02 10:40:00,2025-04-02 11:30:00,LONG,3117.271,3122.839,0.0017861777176253703,0.0017779424235077233,Timeout,10,0.00230637631441081
2025-04-02 13:45:00,2025-04-02 14:35:00,LONG,3119.583,3125.225,0.0018085750563456159,0.0018003397622279689,Timeout,10,0.0021926648529627503
2025-04-02 20:25:00,2025-04-02 22:00:00,SHORT,3139.2,3129.488,0.003093781855249742,0.003085546561132095,Take Profit,7,0.004581549439347593
2025-04-02 22:05:00,2025-04-02 22:55:00,SHORT,3141.847,3145.789,-0.0012546759915425566,-0.0012629112856602036,Timeout,10,0.0025602774418995796
2025-04-02 23:05:00,2025-04-02 23:25:00,SHORT,3153.182,3159.805,-0.0021004179270337226,-0.0021086532211513696,Stop Loss,4,0.002016692978711639
2025-04-03 00:05:00,2025-04-03 00:15:00,LONG,3154.66,3142.695,-0.0037928017599359967,-0.0038010370540536437,Stop Loss,2,0.0022598314873868834
2025-04-03 00:15:00,2025-04-03 00:35:00,LONG,3142.695,3152.278,0.0030492936794692545,0.0030410583853516075,Take Profit,4,0.00383893441775282
2025-04-03 10:05:00,2025-04-03 10:30:00,LONG,3113.311,3102.786,-0.003380645235891978,-0.003388880530009625,Stop Loss,5,0.002604943739960342
2025-04-03 10:30:00,2025-04-03 10:55:00,LONG,3102.786,3095.556,-0.002330163923647979,-0.002338399217765626,Stop Loss,5,0.002609139012487374
2025-04-03 10:55:00,2025-04-03 11:35:00,LONG,3095.556,3088.845,-0.00216794656598047,-0.002176181860098117,Stop Loss,8,0.002961988088731029
2025-04-03 12:20:00,2025-04-03 12:30:00,LONG,3080.847,3068.409,-0.004037201457910796,-0.004045436752028443,Stop Loss,2,0.002588573856475154
2025-04-03 12:30:00,2025-04-03 13:10:00,LONG,3068.409,3059.33,-0.002958862394159376,-0.002967097688277023,Stop Loss,8,0.004248520976180018
2025-04-03 13:10:00,2025-04-03 13:30:00,LONG,3059.33,3070.373,0.0036096138697035364,0.0036013785755858894,Take Profit,4,0.003190829364599362
2025-04-03 13:35:00,2025-04-03 14:00:00,SHORT,3085.229,3099.639,-0.004670641952347884,-0.004678877246465532,Stop Loss,5,0.004700915231899999
2025-04-03 14:00:00,2025-04-03 14:05:00,SHORT,3099.639,3106.157,-0.0021028255225850586,-0.0021110608167027056,Stop Loss,1,0.0031102331594099106
2025-04-03 14:05:00,2025-04-03 14:10:00,SHORT,3106.157,3114.361,-0.0026412058373094867,-0.0026494411314271337,Stop Loss,1,0.003946677518232341
2025-04-03 14:10:00,2025-04-03 14:25:00,SHORT,3114.361,3125.381,-0.0035384465705806047,-0.0035466818646982517,Stop Loss,3,0.005017144769023228
2025-04-03 14:25:00,2025-04-03 14:45:00,SHORT,3125.381,3134.179,-0.002815016793152652,-0.002823252087270299,Stop Loss,4,0.003035597899903892
2025-04-03 14:45:00,2025-04-03 15:05:00,SHORT,3134.179,3118.545,0.004988228177139855,0.004979992883022207,Take Profit,4,0.0027619354223228166
2025-04-03 15:05:00,2025-04-03 15:10:00,LONG,3118.545,3111.512,-0.002255218379083804,-0.002263453673201451,Stop Loss,1,0.0031950797567455148
2025-04-03 15:10:00,2025-04-03 16:00:00,LONG,3111.512,3112.336,0.0002648230185194897,0.0002565877244018426,Timeout,10,0.004005640987404207
2025-04-04 02:35:00,2025-04-04 03:25:00,LONG,3092.525,3093.405,0.00028455711756577846,0.0002763218234481314,Timeout,10,0.003705645063499772
2025-04-04 10:25:00,2025-04-04 10:30:00,SHORT,3106.929,3113.795,-0.002209899228466433,-0.00221813452258408,Stop Loss,1,0.0028098485675084536
2025-04-04 10:30:00,2025-04-04 11:05:00,SHORT,3113.795,3127.499,-0.0044010604423219005,-0.004409295736439548,Stop Loss,7,0.0038323653291242347
2025-04-04 11:05:00,2025-04-04 11:10:00,SHORT,3127.499,3134.497,-0.00223757065949503,-0.002245805953612677,Stop Loss,1,0.00421167201012695
2025-04-04 11:10:00,2025-04-04 11:30:00,SHORT,3134.497,3119.727,0.004712079801001559,0.004703844506883911,Take Profit,4,0.005044828564200286
2025-04-04 11:30:00,2025-04-04 11:40:00,LONG,3119.727,3109.444,-0.0032961217439859006,-0.0033043570381035476,Stop Loss,2,0.0029075621039919256
2025-04-04 11:40:00,2025-04-04 12:00:00,LONG,3109.444,3100.103,-0.00300407404024639,-0.003012309334364037,Stop Loss,4,0.0034053676477209405
2025-04-04 12:00:00,2025-04-04 12:10:00,LONG,3100.103,3092.837,-0.0023437930933262784,-0.0023520283874439254,Stop Loss,2,0.0023714695931070394
2025-04-04 12:10:00,2025-04-04 12:35:00,LONG,3092.837,3080.359,-0.004034483550216214,-0.004042718844333861,Stop Loss,5,0.0029854790278310895
2025-04-04 12:35:00,2025-04-04 12:50:00,LONG,3080.359,3070.454,-0.00321553429324301,-0.003223769587360657,Stop Loss,3,0.0040437494460873165
2025-04-04 12:50:00,2025-04-04 13:05:00,LONG,3070.454,3079.701,0.0030116067526169887,0.0030033714584993417,Take Profit,3,0.003836696462477568
2025-04-04 13:10:00,2025-04-04 13:30:00,SHORT,3082.286,3070.787,0.0037306726241498195,0.0037224373300321725,Take Profit,4,0.00201013144140434
2025-04-04 13:30:00,2025-04-04 13:50:00,LONG,3070.787,3064.344,-0.0020981592015335993,-0.0021063944956512463,Stop Loss,4,0.002818235195082043
2025-04-04 13:50:00,2025-04-04 14:00:00,LONG,3064.344,3056.802,-0.002461211926598292,-0.002469447220715939,Stop Loss,2,0.002289429646279831
2025-04-04 14:00:00,2025-04-04 14:05:00,LONG,3056.802,3050.081,-0.00219870308904535,-0.002206938383162997,Stop Loss,1,0.0029763131534198016
2025-04-04 14:05:00,2025-04-04 14:40:00,LONG,3050.081,3042.716,-0.002414689970528729,-0.002422925264646376,Stop Loss,7,0.003565938084923024
2025-04-04 14:45:00,2025-04-04 14:50:00,LONG,3030.1,3048.694,0.0061364311408864565,0.006128195846768809,Take Profit,1,0.003970298009966551
2025-04-04 14:50:00,2025-04-04 14:55:00,SHORT,3048.694,3038.414,0.0033719356550705798,0.0033637003609529328,Take Profit,1,0.0021003747834319048
2025-04-04 15:25:00,2025-04-04 15:40:00,LONG,3026.493,3018.008,-0.002803574962836566,-0.002811810256954213,Stop Loss,3,0.0034153060985106145
2025-04-04 15:40:00,2025-04-04 16:25:00,LONG,3018.008,3030.738,0.004218014001288273,0.004209778707170626,Take Profit,9,0.0026229221393714555
2025-04-04 19:45:00,2025-04-04 20:35:00,SHORT,3037.888,3036.987,0.00029658762930030334,0.0002883523351826563,Timeout,10,0.002209890555543882
2025-04-06 22:15:00,2025-04-06 22:20:00,LONG,3021.259,3012.356,-0.0029467847675422043,-0.0029550200616598513,Stop Loss,1,0.004011638856516537
2025-04-06 22:20:00,2025-04-06 23:10:00,LONG,3012.356,3009.125,-0.0010725823906604073,-0.0010808176847780543,Timeout,10,0.0052758040550318994
2025-04-06 23:15:00,2025-04-06 23:20:00,LONG,2999.661,2992.43,-0.0024106057317810985,-0.0024188410258987455,Stop Loss,1,0.0031993615278527164
2025-04-06 23:20:00,2025-04-06 23:25:00,LONG,2992.43,2985.438,-0.0023365625929427703,-0.0023447978870604173,Stop Loss,1,0.00445343750731007
2025-04-06 23:25:00,2025-04-06 23:45:00,LONG,2985.438,2996.032,0.0035485580340305343,0.0035403227399128873,Take Profit,4,0.004852286331184999
2025-04-06 23:45:00,2025-04-07 00:10:00,SHORT,2996.032,2981.614,0.004812365154978358,0.004804129860860711,Take Profit,5,0.003277401576485134
2025-04-07 00:10:00,2025-04-07 01:00:00,LONG,2981.614,2980.215,-0.0004692089586378006,-0.00047744425275544764,Timeout,10,0.00365567105601184
2025-04-07 01:05:00,2025-04-07 01:10:00,SHORT,2993.131,3006.598,-0.004499301901587367,-0.0045075371957050145,Stop Loss,1,0.0033520083150384824
2025-04-07 01:10:00,2025-04-07 01:15:00,SHORT,3006.598,3013.3,-0.002229097471627476,-0.002237332765745123,Stop Loss,1,0.006136104660483417
2025-04-07 01:15:00,2025-04-07 01:30:00,SHORT,3013.3,3028.911,-0.00518069890153648,-0.0051889341956541275,Stop Loss,3,0.006257458600205861
2025-04-07 01:30:00,2025-04-07 01:35:00,SHORT,3028.911,3048.947,-0.006614918695201034,-0.006623153989318681,Stop Loss,1,0.0037984608989833353
2025-04-07 01:35:00,2025-04-07 01:55:00,SHORT,3048.947,3038.425,0.003451027518681018,0.003442792224563371,Take Profit,4,0.007567005920404589
2025-04-07 01:55:00,2025-04-07 02:05:00,LONG,3038.425,3053.965,0.005114491883130228,0.005106256589012581,Take Profit,2,0.0025127492039460617
2025-04-07 02:05:00,2025-04-07 02:20:00,SHORT,3053.965,3044.576,0.003074363982560417,0.00306612868844277,Take Profit,3,0.0026546473191408283
2025-04-07 02:30:00,2025-04-07 02:55:00,LONG,3036.271,3025.844,-0.0034341466884873365,-0.0034423819826049835,Stop Loss,5,0.002860350739443067
2025-04-07 03:45:00,2025-04-07 04:35:00,LONG,3019.504,3032.073,0.004162604189297302,0.004154368895179655,Take Profit,10,0.00243106152533661
2025-04-07 07:05:00,2025-04-07 07:55:00,LONG,3018.322,3018.569,8.183354857428848e-05,7.359825445664142e-05,Timeout,10,0.00214609309410981
2025-04-07 08:50:00,2025-04-07 09:15:00,SHORT,3034.674,3020.673,0.0046136751427007325,0.004605439848583085,Take Profit,5,0.002110671525178701
2025-04-07 09:15:00,2025-04-07 10:05:00,LONG,3020.673,3029.514,0.0029268312061584787,0.0029185959120408317,Timeout,10,0.0025430756655885275
2025-04-07 12:00:00,2025-04-07 12:35:00,LONG,3027.527,3016.396,-0.0036765980947485715,-0.0036848333888662185,Stop Loss,7,0.002322687791058561
2025-04-07 12:35:00,2025-04-07 12:45:00,LONG,3016.396,3026.051,0.003200839677548884,0.003192604383431237,Take Profit,2,0.0027930682841376684
2025-04-07 12:50:00,2025-04-07 13:30:00,SHORT,3032.058,3014.849,0.005675682984956037,0.00566744769083839,Take Profit,8,0.0028767919347189455
2025-04-07 13:30:00,2025-04-07 13:40:00,LONG,3014.849,3006.907,-0.002634294453884757,-0.002642529748002404,Stop Loss,2,0.003088048522496465
2025-04-07 13:40:00,2025-04-07 14:10:00,LONG,3006.907,3027.052,0.0066995753443654825,0.006691340050247835,Take Profit,6,0.003336784276999673
2025-04-07 14:10:00,2025-04-07 14:25:00,SHORT,3027.052,3008.763,0.006041851940435848,0.006033616646318201,Take Profit,3,0.0034940926023075505
2025-04-07 14:25:00,2025-04-07 14:35:00,LONG,3008.763,2998.466,-0.003422336687868079,-0.003430571981985726,Stop Loss,2,0.003570370946465404
2025-04-07 14:35:00,2025-04-07 15:05:00,LONG,2998.466,2991.872,-0.002199124485653681,-0.002207359779771328,Stop Loss,6,0.004482025142189458
2025-04-07 15:05:00,2025-04-07 15:10:00,LONG,2991.872,2984.915,-0.0023253000128347335,-0.0023335353069523805,Stop Loss,1,0.002310860892444685
2025-04-07 15:10:00,2025-04-07 15:15:00,LONG,2984.915,2994.938,0.0033578845628770464,0.0033496492687593994,Take Profit,1,0.0034800990982992715
2025-04-07 17:05:00,2025-04-07 17:50:00,LONG,2962.423,2972.175,0.003291899907609551,0.003283664613491904,Take Profit,9,0.0021761915837137935
2025-04-08 01:05:00,2025-04-08 01:55:00,SHORT,2997.13,2999.716,-0.0008628254363340213,-0.0008710607304516684,Timeout,10,0.002340439019995787
2025-04-08 12:20:00,2025-04-08 13:10:00,LONG,3005.915,3018.531,0.004197058133713024,0.004188822839595377,Take Profit,10,0.0029229702104019784
2025-04-08 13:10:00,2025-04-08 13:40:00,SHORT,3018.531,3006.718,0.003913493020280429,0.003905257726162782,Take Profit,6,0.0037494397109056714
2025-04-08 14:55:00,2025-04-08 15:45:00,LONG,3006.181,3004.063,-0.0007045483954558751,-0.0007127836895735222,Timeout,10,0.002058625212520454
2025-04-08 17:45:00,2025-04-08 18:35:00,SHORT,2986.672,2990.31,-0.0012180781820032196,-0.0012263134761208666,Timeout,10,0.0021522282995922832
2025-04-08 23:00:00,2025-04-08 23:20:00,SHORT,2989.239,2979.566,0.0032359406524537612,0.0032277053583361142,Take Profit,4,0.0021694484783585815
2025-04-09 01:00:00,2025-04-09 01:20:00,LONG,2973.386,2983.231,0.0033110400062421274,0.0033028047121244804,Take Profit,4,0.0021847819287506044
2025-04-09 01:25:00,2025-04-09 01:35:00,SHORT,2990.144,2997.74,-0.0025403458830076425,-0.0025485811771252895,Stop Loss,2,0.002710304252905467
2025-04-09 01:35:00,2025-04-09 01:50:00,SHORT,2997.74,3008.372,-0.003546671826109023,-0.00355490712022667,Stop Loss,3,0.002880169727861661
2025-04-09 01:50:00,2025-04-09 02:40:00,SHORT,3008.372,3006.137,0.0007429267391132721,0.000734691444995625,Timeout,10,0.002496433286840761
2025-04-09 05:15:00,2025-04-09 06:05:00,SHORT,3019.705,3017.546,0.0007149705020855036,0.0007067352079678565,Timeout,10,0.002363807060623445
2025-04-09 06:15:00,2025-04-09 06:30:00,SHORT,3025.654,3034.099,-0.002791132099043765,-0.002799367393161412,Stop Loss,3,0.0020020134489932236
2025-04-09 07:00:00,2025-04-09 07:50:00,SHORT,3041.933,3044.665,-0.0008981131405589706,-0.0009063484346766177,Timeout,10,0.002221482195695931
2025-04-09 11:15:00,2025-04-09 11:20:00,SHORT,3055.646,3063.106,-0.002441382280539053,-0.0024496175746567,Stop Loss,1,0.0032145739395204698
2025-04-09 11:20:00,2025-04-09 12:00:00,SHORT,3063.106,3069.454,-0.002072406243858344,-0.002080641537975991,Stop Loss,8,0.004321822359396062
2025-04-09 12:20:00,2025-04-09 12:40:00,LONG,3051.793,3043.947,-0.0025709476363567265,-0.0025791829304743735,Stop Loss,4,0.0033446567313051147
2025-04-09 13:05:00,2025-04-09 13:30:00,SHORT,3055.843,3072.46,-0.005437779362356047,-0.005446014656473695,Stop Loss,5,0.002170726702909708
2025-04-09 13:30:00,2025-04-09 14:15:00,SHORT,3072.46,3080.976,-0.002771720380411812,-0.002779955674529459,Stop Loss,9,0.0034558627288883803
2025-04-09 15:15:00,2025-04-09 16:05:00,SHORT,3082.622,3083.888,-0.000410689341735729,-0.00041892463585337607,Timeout,10,0.0029591042949800184
2025-04-09 17:20:00,2025-04-09 17:25:00,LONG,3072.429,3060.216,-0.003975030830655547,-0.0039832661247731944,Stop Loss,1,0.004212692954011357
2025-04-09 17:25:00,2025-04-09 17:45:00,LONG,3060.216,3070.072,0.0032206876900193393,0.0032124523959016923,Take Profit,4,0.006428827246181192
2025-04-09 18:05:00,2025-04-09 18:30:00,LONG,3058.206,3069.819,0.0037973243136661915,0.0037890890195485445,Take Profit,5,0.002033610554684675
2025-04-09 18:30:00,2025-04-09 19:05:00,SHORT,3069.819,3086.233,-0.005346895044952232,-0.005355130339069879,Stop Loss,7,0.0030655879059970992
2025-04-09 19:05:00,2025-04-09 19:15:00,SHORT,3086.233,3092.65,-0.002079233810279365,-0.002087469104397012,Stop Loss,2,0.004439781442295567
2025-04-09 19:15:00,2025-04-09 20:05:00,SHORT,3092.65,3094.906,-0.0007294714888525563,-0.0007377067829702034,Timeout,10,0.0036306727240392428
2025-04-09 22:30:00,2025-04-09 23:20:00,SHORT,3087.881,3081.095,0.0021976235483168096,0.0021893882541991626,Timeout,10,0.00259446526598642
2025-04-10 01:10:00,2025-04-10 02:00:00,LONG,3086.392,3098.413,0.00389483902239255,0.003886603728274903,Take Profit,10,0.0021696531095208474
2025-04-10 02:05:00,2025-04-10 02:55:00,SHORT,3111.862,3119.296,-0.0023889234162696614,-0.0023971587103873084,Stop Loss,10,0.004641786814453939
2025-04-10 03:10:00,2025-04-10 04:00:00,SHORT,3125.664,3126.951,-0.0004117525108264379,-0.00041998780494408494,Timeout,10,0.0020540275602240108
2025-04-10 05:40:00,2025-04-10 06:10:00,LONG,3115.553,3125.463,0.0031808157331941742,0.0031725804390765272,Take Profit,6,0.002085729242930694
2025-04-10 07:35:00,2025-04-10 08:25:00,LONG,3108.627,3114.231,0.0018027251259158045,0.0017944898317981575,Timeout,10,0.002311824480711259
2025-04-10 12:35:00,2025-04-10 12:45:00,LONG,3117.258,3129.388,0.0038912403144045534,0.0038830050202869064,Take Profit,2,0.0022471672219624137
2025-04-10 13:20:00,2025-04-10 13:30:00,SHORT,3134.813,3121.269,0.004320512898217636,0.0043122776040999886,Take Profit,2,0.002212954967329741
2025-04-10 13:30:00,2025-04-10 14:00:00,LONG,3121.269,3135.004,0.004400453789788746,0.004392218495671099,Take Profit,6,0.0024466330841719417
2025-04-10 14:00:00,2025-04-10 14:05:00,SHORT,3135.004,3142.134,-0.0022743192672162807,-0.0022825545613339277,Stop Loss,1,0.003301813968977412
2025-04-10 14:05:00,2025-04-10 14:20:00,SHORT,3142.134,3148.496,-0.0020247386012181784,-0.0020329738953358254,Stop Loss,3,0.0042930696144723255
2025-04-10 15:25:00,2025-04-10 15:55:00,SHORT,3170.663,3157.982,0.00399947897332515,0.003991243679207503,Take Profit,6,0.0023566679902595
2025-04-10 15:55:00,2025-04-10 16:45:00,LONG,3157.982,3165.559,0.0023993170322060813,0.0023910817380884343,Timeout,10,0.002792036180067021
2025-04-11 00:20:00,2025-04-11 00:35:00,SHORT,3198.839,3206.428,-0.002372423244808489,-0.002380658538926136,Stop Loss,3,0.0026084463769511534
2025-04-11 00:35:00,2025-04-11 01:00:00,SHORT,3206.428,3214.731,-0.0025894858702582247,-0.0025977211643758717,Stop Loss,5,0.0024723461746215974
2025-04-11 05:40:00,2025-04-11 06:25:00,LONG,3189.074,3202.692,0.004270205081475042,0.0042619697873573946,Take Profit,9,0.006077312724634128
2025-04-11 07:10:00,2025-04-11 08:00:00,SHORT,3211.643,3209.929,0.0005336832269339842,0.000525447932816337,Timeout,10,0.002106398500705193
2025-04-11 10:40:00,2025-04-11 11:30:00,LONG,3215.961,3218.566,0.0008100222608420993,0.0008017869667244522,Timeout,10,0.0026439997251210936
2025-04-11 13:30:00,2025-04-11 13:45:00,SHORT,3240.359,3230.046,0.003182672043437194,0.003174436749319547,Take Profit,3,0.0024480003604539324
2025-04-11 13:50:00,2025-04-11 14:15:00,LONG,3225.677,3235.622,0.0030830737237484435,0.0030748384296307965,Take Profit,5,0.0025659729724954
2025-04-13 22:05:00,2025-04-13 22:55:00,LONG,3221.116,3221.291,5.432899653417694e-05,4.609370241652988e-05,Timeout,10,0.003837117322070898
2025-04-14 01:30:00,2025-04-14 01:50:00,SHORT,3234.393,3241.116,-0.0020785971278072754,-0.0020868324219249224,Stop Loss,4,0.00248411371159904
2025-04-14 10:20:00,2025-04-14 11:00:00,LONG,3207.344,3217.802,0.0032606418270070448,0.0032524065328893978,Take Profit,8,0.00351574386782328
2025-04-14 12:25:00,2025-04-14 13:05:00,LONG,3211.889,3202.317,-0.0029801777085073974,-0.0029884130026250444,Stop Loss,8,0.002867658253445211
2025-04-14 13:10:00,2025-04-14 13:40:00,LONG,3196.431,3207.809,0.0035595950608663714,0.0035513597667487244,Take Profit,6,0.002427645082906613
2025-04-14 18:35:00,2025-04-14 19:15:00,LONG,3201.498,3211.236,0.0030417011036707907,0.0030334658095531437,Take Profit,8,0.0021275040621607897
2025-04-15 23:55:00,2025-04-16 00:00:00,SHORT,3251.78,3259.098,-0.0022504597481993725,-0.0022586950423170195,Stop Loss,1,0.002056412180405917
2025-04-16 00:00:00,2025-04-16 00:45:00,SHORT,3259.098,3267.315,-0.0025212497445612552,-0.0025294850386789022,Stop Loss,9,0.0034111892308853827
2025-04-16 01:30:00,2025-04-16 01:55:00,LONG,3259.301,3270.223,0.003351025265846887,0.00334278997172924,Take Profit,5,0.0022357554579953824
2025-04-16 08:00:00,2025-04-16 08:20:00,SHORT,3306.938,3313.63,-0.0020236242711535587,-0.0020318595652712057,Stop Loss,4,0.002119967172048467
2025-04-16 08:25:00,2025-04-16 08:40:00,LONG,3299.878,3292.309,-0.0022937211618126365,-0.0023019564559302835,Stop Loss,3,0.0025130019958312898
2025-04-16 08:40:00,2025-04-16 08:50:00,LONG,3292.309,3306.911,0.004435185154248845,0.0044269498601311975,Take Profit,2,0.00200333565288073
2025-04-16 08:50:00,2025-04-16 09:40:00,SHORT,3306.911,3302.052,0.00146934707344707,0.001461111779329423,Timeout,10,0.0026883094222978263
2025-04-16 11:45:00,2025-04-16 12:35:00,SHORT,3310.731,3303.576,0.002161154137862665,0.002152918843745018,Timeout,10,0.0028367149128094007
2025-04-16 13:50:00,2025-04-16 14:40:00,SHORT,3309.883,3309.812,2.145090929193349e-05,1.321561517428643e-05,Timeout,10,0.002094212997861083
2025-04-16 22:05:00,2025-04-16 22:55:00,SHORT,3352.787,3351.033,0.0005231468625951799,0.0005149115684775328,Timeout,10,0.0022494718572936235
2025-04-17 01:30:00,2025-04-17 01:45:00,LONG,3338.036,3328.468,-0.0028663561447510484,-0.0028745914388686954,Stop Loss,3,0.0035150010365376898
2025-04-17 01:45:00,2025-04-17 02:35:00,LONG,3328.468,3331.838,0.0010124778126153972,0.0010042425184977502,Timeout,10,0.0032396285618487087
2025-04-17 13:50:00,2025-04-17 14:00:00,LONG,3317.78,3307.046,-0.0032352958906257732,-0.0032435311847434202,Stop Loss,2,0.002114787598936631
2025-04-17 14:00:00,2025-04-17 14:30:00,LONG,3307.046,3292.991,-0.004250016479964245,-0.0042582517740818926,Stop Loss,6,0.003435271236021506
2025-04-17 14:30:00,2025-04-17 15:10:00,LONG,3292.991,3303.388,0.0031573119999416745,0.0031490767058240275,Take Profit,8,0.0037933902643524655
2025-04-17 15:10:00,2025-04-17 16:00:00,SHORT,3303.388,3298.26,0.0015523456524028367,0.0015441103582851897,Timeout,10,0.002497375421839516
2025-04-20 22:10:00,2025-04-20 22:15:00,SHORT,3338.374,3347.318,-0.0026791485915000583,-0.0026873838856177053,Stop Loss,1,0.0022228186536319547
2025-04-20 22:15:00,2025-04-20 23:05:00,SHORT,3347.318,3350.575,-0.0009730178011170755,-0.0009812530952347225,Timeout,10,0.003758411958469642
2025-04-21 00:40:00,2025-04-21 01:30:00,SHORT,3369.78,3373.797,-0.0011920659508928848,-0.0012003012450105318,Timeout,10,0.0030005519648166426
2025-04-21 11:40:00,2025-04-21 12:30:00,SHORT,3403.418,3403.531,-3.320191642631878e-05,-4.143721054396584e-05,Timeout,10,0.0020352480947096827
2025-04-21 13:00:00,2025-04-21 13:30:00,SHORT,3421.123,3407.649,0.003938472834797276,0.003930237540679628,Take Profit,6,0.0024597186362489637
2025-04-21 13:30:00,2025-04-21 13:45:00,LONG,3407.649,3422.295,0.004297977872721101,0.004289742578603453,Take Profit,3,0.002298006631551601
2025-04-21 13:50:00,2025-04-21 14:40:00,SHORT,3424.35,3418.183,0.0018009257231299126,0.0017926904290122656,Timeout,10,0.0021155547768189707
2025-04-21 14:45:00,2025-04-21 15:35:00,LONG,3411.656,3423.015,0.003329468152709395,0.003321232858591748,Take Profit,10,0.002417770138607278
2025-04-21 23:15:00,2025-04-22 00:00:00,SHORT,3440.927,3419.053,0.006357007864450553,0.006348772570332906,Take Profit,9,0.0021574418754016222
2025-04-22 00:00:00,2025-04-22 00:20:00,LONG,3419.053,3431.165,0.0035425013885424066,0.0035342660944247596,Take Profit,4,0.004239887477614414
2025-04-22 00:20:00,2025-04-22 01:10:00,SHORT,3431.165,3433.801,-0.000768252182567719,-0.0007764874766853661,Timeout,10,0.00260739428153406
2025-04-22 01:35:00,2025-04-22 02:25:00,SHORT,3450.446,3455.898,-0.0015800855889355249,-0.0015883208830531719,Timeout,10,0.0024045587150183126
2025-04-22 02:40:00,2025-04-22 03:10:00,SHORT,3468.24,3476.185,-0.002290787258090606,-0.002299022552208253,Stop Loss,6,0.0023042234678108463
2025-04-22 03:15:00,2025-04-22 04:05:00,SHORT,3484.636,3483.732,0.00025942451377991744,0.0002511892196622704,Timeout,10,0.0024156899027616414
2025-04-22 06:30:00,2025-04-22 07:10:00,LONG,3479.664,3462.079,-0.005053648858050672,-0.00506188415216832,Stop Loss,8,0.002802109628975642
2025-04-22 07:10:00,2025-04-22 07:30:00,LONG,3462.079,3473.181,0.0032067436936014057,0.0031985083994837587,Take Profit,4,0.00356127055448477
2025-04-22 08:40:00,2025-04-22 08:55:00,LONG,3451.193,3443.965,-0.0020943482442158596,-0.0021025835383335066,Stop Loss,3,0.002576384456041569
2025-04-22 10:05:00,2025-04-22 10:45:00,SHORT,3465.03,3453.073,0.003450763774051115,0.003442528479933468,Take Profit,8,0.0020439649873160632
2025-04-22 12:45:00,2025-04-22 13:00:00,LONG,3435.503,3425.103,-0.003027213191197938,-0.003035448485315585,Stop Loss,3,0.003345128791911893
2025-04-22 13:00:00,2025-04-22 13:05:00,LONG,3425.103,3436.912,0.0034477795266302184,0.0034395442325125714,Take Profit,1,0.0024457658645595207
2025-04-22 13:10:00,2025-04-22 13:35:00,SHORT,3443.244,3424.81,0.005353672292756539,0.0053454369986388915,Take Profit,5,0.002888206586579462
2025-04-22 13:35:00,2025-04-22 13:40:00,LONG,3424.81,3411.807,-0.0037967069706057142,-0.0038049422647233612,Stop Loss,1,0.003527553353324601
2025-04-22 13:40:00,2025-04-22 13:50:00,LONG,3411.807,3425.909,0.004133293588998533,0.004125058294880885,Take Profit,2,0.005918036981575967
2025-04-22 14:00:00,2025-04-22 14:30:00,SHORT,3430.712,3437.642,-0.002019988853625672,-0.002028224147743319,Stop Loss,6,0.002606047957391907
2025-04-22 14:30:00,2025-04-22 14:50:00,SHORT,3437.642,3425.594,0.0035047279501471576,0.0034964926560295106,Take Profit,4,0.0020416320256732593
2025-04-22 15:25:00,2025-04-22 15:35:00,LONG,3412.613,3425.561,0.003794160076164605,0.003785924782046958,Take Profit,2,0.0024638598047889717
2025-04-22 15:40:00,2025-04-22 15:55:00,SHORT,3429.041,3417.729,0.0032988815240180425,0.0032906462299003955,Take Profit,3,0.002103736875703862
2025-04-22 16:15:00,2025-04-22 16:25:00,LONG,3400.663,3386.754,-0.004090084786407858,-0.0040983200805255054,Stop Loss,2,0.0037389767818803835
2025-04-22 16:25:00,2025-04-22 16:35:00,LONG,3386.754,3376.868,-0.002919019214268284,-0.002927254508385931,Stop Loss,2,0.004957490269443978
2025-04-22 16:35:00,2025-04-22 16:55:00,LONG,3376.868,3392.966,0.004767139254480766,0.004758903960363119,Take Profit,4,0.00401650286596931
2025-04-22 16:55:00,2025-04-22 17:15:00,SHORT,3392.966,3401.42,-0.002491625321326585,-0.002499860615444232,Stop Loss,4,0.00243550922703034
2025-04-22 17:25:00,2025-04-22 17:40:00,SHORT,3407.456,3396.459,0.003227334410187629,0.003219099116069982,Take Profit,3,0.0021840340711662917
2025-04-22 18:50:00,2025-04-22 19:00:00,LONG,3374.047,3384.767,0.003177193441585076,0.003168958147467429,Take Profit,2,0.0024651108890895433
2025-04-22 19:30:00,2025-04-22 20:05:00,LONG,3368.689,3379.298,0.0031492963583162246,0.0031410610641985776,Take Profit,7,0.0024662413182102733
2025-04-22 22:00:00,2025-04-22 22:50:00,LONG,3326.179,3326.225,1.3829682647813524e-05,5.594388530166464e-06,Timeout,10,0.01314427155002775
2025-04-22 23:05:00,2025-04-22 23:55:00,SHORT,3340.005,3336.561,0.0010311361809338488,0.0010229008868162018,Timeout,10,0.0023428108640555383
2025-04-23 00:25:00,2025-04-23 00:45:00,SHORT,3350.885,3360.858,-0.002976228667948902,-0.002984463962066549,Stop Loss,4,0.002084464253473389
2025-04-23 00:50:00,2025-04-23 01:40:00,SHORT,3369.534,3385.914,-0.004861206327047036,-0.0048694416211646835,Stop Loss,10,0.003114495951072178
2025-04-23 01:40:00,2025-04-23 02:05:00,SHORT,3385.914,3373.127,0.0037765282874875914,0.0037682929933699444,Take Profit,5,0.004070215605003642
2025-04-23 02:35:00,2025-04-23 02:55:00,LONG,3363.139,3354.221,-0.0026516893889904996,-0.0026599246831081466,Stop Loss,4,0.0022722819366075204
2025-04-23 03:00:00,2025-04-23 03:10:00,LONG,3344.952,3336.303,-0.0025856873282487586,-0.0025939226223664056,Stop Loss,2,0.0032633054226188633
2025-04-23 03:10:00,2025-04-23 04:00:00,LONG,3336.303,3339.653,0.001004105442461284,0.000995870148343637,Timeout,10,0.0033511344742969064
2025-04-23 05:35:00,2025-04-23 05:45:00,LONG,3327.903,3317.885,-0.0030103040863870057,-0.0030185393805046527,Stop Loss,2,0.003725228770189618
2025-04-23 05:45:00,2025-04-23 06:00:00,LONG,3317.885,3310.179,-0.00232256392249886,-0.002330799216616507,Stop Loss,3,0.0037378028472958356
2025-04-23 06:00:00,2025-04-23 06:15:00,LONG,3310.179,3322.114,0.00360554519861311,0.003597309904495463,Take Profit,3,0.0026452950127469716
2025-04-23 06:50:00,2025-04-23 07:00:00,LONG,3298.575,3310.323,0.003561537936836376,0.003553302642718729,Take Profit,2,0.004604169982492394
2025-04-23 07:40:00,2025-04-23 08:10:00,SHORT,3318.193,3306.414,0.003549823654018918,0.003541588359901271,Take Profit,6,0.002030020556369184
2025-04-23 08:10:00,2025-04-23 08:35:00,LONG,3306.414,3316.553,0.0030664641511920976,0.0030582288570744505,Take Profit,5,0.002729119825889918
2025-04-23 09:15:00,2025-04-23 09:50:00,SHORT,3337.2,3323.601,0.004074973031283623,0.004066737737165976,Take Profit,7,0.0023932038834951997
2025-04-23 09:50:00,2025-04-23 10:25:00,LONG,3323.601,3334.15,0.0031739670315419867,0.0031657317374243397,Take Profit,7,0.002154771285723034
2025-04-23 11:50:00,2025-04-23 12:10:00,LONG,3324.877,3317.842,-0.0021158677448819474,-0.0021241030389995944,Stop Loss,4,0.00228303182343285
2025-04-23 12:55:00,2025-04-23 13:15:00,LONG,3310.857,3300.813,-0.0030336556365919364,-0.0030418909307095834,Stop Loss,4,0.0021202365429858453
2025-04-23 13:35:00,2025-04-23 13:45:00,LONG,3287.584,3279.273,-0.0025279962428335504,-0.0025362315369511974,Stop Loss,2,0.0035601827968502336
2025-04-23 13:45:00,2025-04-23 14:00:00,LONG,3279.273,3265.491,-0.004202760794846953,-0.0042109960889646,Stop Loss,3,0.003915684970418608
2025-04-23 14:00:00,2025-04-23 14:15:00,LONG,3265.491,3278.908,0.00410872361920456,0.0041004883250869125,Take Profit,3,0.003838932644432495
2025-04-23 14:15:00,2025-04-23 14:40:00,SHORT,3278.908,3288.84,-0.0030290572349087694,-0.0030372925290264165,Stop Loss,5,0.0024054959760993816
2025-04-23 14:40:00,2025-04-23 14:45:00,SHORT,3288.84,3296.105,-0.002208985538974189,-0.002217220833091836,Stop Loss,1,0.0026291336763113998
2025-04-23 14:45:00,2025-04-23 15:00:00,SHORT,3296.105,3285.524,0.003210152589192435,0.003201917295074788,Take Profit,3,0.0039278481723124
2025-04-23 15:10:00,2025-04-23 16:00:00,LONG,3277.542,3285.1,0.002305996383875475,0.002297761089757828,Timeout,10,0.002542454070764031
2025-04-23 22:00:00,2025-04-23 22:35:00,SHORT,3305.914,3315.479,-0.0028932997047108906,-0.0029015349988285376,Stop Loss,7,0.0040881281243250345
2025-04-24 00:25:00,2025-04-24 01:05:00,SHORT,3334.653,3344.903,-0.0030737830892749564,-0.0030820183833926034,Stop Loss,8,0.0031221239511274785
2025-04-24 01:05:00,2025-04-24 01:15:00,SHORT,3344.903,3354.286,-0.0028051635578072867,-0.0028133988519249338,Stop Loss,2,0.0026902424375234327
2025-04-24 01:15:00,2025-04-24 01:35:00,SHORT,3354.286,3366.192,-0.0035494886244047015,-0.0035577239185223485,Stop Loss,4,0.0031279980299830376
2025-04-24 01:50:00,2025-04-24 02:35:00,LONG,3351.785,3342.906,-0.002649036259783938,-0.002657271553901585,Stop Loss,9,0.002189042554937263
2025-04-24 02:35:00,2025-04-24 03:10:00,LONG,3342.906,3333.925,-0.002686584666155664,-0.002694819960273311,Stop Loss,7,0.0024204688974204624
2025-04-24 03:30:00,2025-04-24 04:20:00,LONG,3323.301,3327.0,0.0011130499464237723,0.0011048146523061253,Timeout,10,0.0021766911874669115
2025-04-24 07:00:00,2025-04-24 07:35:00,SHORT,3334.978,3323.771,0.0033604419579379174,0.0033522066638202704,Take Profit,7,0.0028995093820707867
2025-04-24 13:40:00,2025-04-24 14:05:00,LONG,3316.501,3309.215,-0.0021968936538840356,-0.0022051289480016826,Stop Loss,5,0.0027688217190346216
2025-04-24 22:25:00,2025-04-24 23:15:00,SHORT,3363.371,3359.654,0.0011051412407373728,0.0010969059466197258,Timeout,10,0.0030894004854060348
2025-04-25 03:55:00,2025-04-25 04:45:00,LONG,3323.655,3324.451,0.00023949537482073852,0.00023126008070309146,Timeout,10,0.0042077171066191065
2025-04-25 05:45:00,2025-04-25 05:50:00,LONG,3303.037,3291.11,-0.0036109192842828223,-0.0036191545784004693,Stop Loss,1,0.0026739028354815083
2025-04-25 05:50:00,2025-04-25 06:35:00,LONG,3291.11,3304.387,0.004034201226941684,0.004025965932824036,Take Profit,9,0.004603249359638446
2025-04-25 08:10:00,2025-04-25 09:00:00,LONG,3295.775,3304.545,0.0026609826216898854,0.0026527473275722384,Timeout,10,0.0021934749793296624
2025-04-25 13:00:00,2025-04-25 13:15:00,LONG,3283.964,3276.936,-0.00214009654186215,-0.002148331835979797,Stop Loss,3,0.0027859014288828796
2025-04-25 13:15:00,2025-04-25 13:30:00,LONG,3276.936,3270.297,-0.002025977925720894,-0.002034213219838541,Stop Loss,3,0.0022408737918591624
2025-04-25 13:45:00,2025-04-25 14:35:00,SHORT,3281.97,3281.837,4.05244411130543e-05,3.228914699540724e-05,Timeout,10,0.00221897214173181
2025-04-25 19:35:00,2025-04-25 20:25:00,SHORT,3304.095,3308.66,-0.0013816188699174979,-0.0013898541640351449,Timeout,10,0.002207624175454949
2025-04-27 22:10:00,2025-04-27 22:30:00,SHORT,3326.729,3310.325,0.004930969730326695,0.004922734436209048,Take Profit,4,0.0021475749903283776
2025-04-27 22:30:00,2025-04-27 23:20:00,LONG,3310.325,3305.306,-0.0015161653311985314,-0.0015244006253161784,Timeout,10,0.0027534456586589796
2025-04-28 01:15:00,2025-04-28 01:25:00,LONG,3301.917,3291.104,-0.0032747643262989656,-0.0032829996204166126,Stop Loss,2,0.0020198569497659156
2025-04-28 01:25:00,2025-04-28 01:55:00,LONG,3291.104,3280.9,-0.0031004793528249864,-0.0031087146469426334,Stop Loss,6,0.0029718902836251906
2025-04-28 02:00:00,2025-04-28 02:50:00,LONG,3275.686,3283.149,0.002278301400073065,0.002270066105955418,Timeout,10,0.002360116323725707
2025-04-28 14:15:00,2025-04-28 14:30:00,SHORT,3307.481,3321.84,-0.004341370366148716,-0.004349605660266364,Stop Loss,3,0.002567089576629491
2025-04-28 14:30:00,2025-04-28 14:40:00,SHORT,3321.84,3330.006,-0.002458276136117246,-0.002466511430234893,Stop Loss,2,0.003389808058184656
2025-04-28 14:40:00,2025-04-28 15:30:00,SHORT,3330.006,3328.194,0.0005441431637059808,0.0005359078695883337,Timeout,10,0.0028091841275962024
2025-04-28 16:05:00,2025-04-28 16:55:00,SHORT,3334.619,3336.556,-0.0005808759561436847,-0.0005891112502613319,Timeout,10,0.002171582420660453
2025-04-28 18:20:00,2025-04-28 19:10:00,SHORT,3345.66,3349.454,-0.0011340064441695582,-0.0011422417382872052,Timeout,10,0.002075405151748715
2025-04-28 22:15:00,2025-04-28 23:05:00,LONG,3333.215,3335.259,0.0006132217693727734,0.0006049864752551263,Timeout,10,0.0022715006382726024
2025-04-29 13:45:00,2025-04-29 14:25:00,LONG,3301.286,3315.22,0.0042207794174754145,0.004212544123357767,Take Profit,8,0.003697225868949184
2025-04-29 17:55:00,2025-04-29 18:45:00,LONG,3314.399,3318.231,0.0011561673775548251,0.0011479320834371781,Timeout,10,0.002121711960448969
2025-04-30 08:10:00,2025-04-30 09:00:00,LONG,3285.159,3282.389,-0.0008431859766909247,-0.0008514212708085718,Timeout,10,0.0052251961016193775
2025-04-30 09:50:00,2025-04-30 10:40:00,LONG,3275.649,3276.679,0.00031444150456907933,0.00030620621045143227,Timeout,10,0.0020481437418967316
2025-04-30 12:15:00,2025-04-30 12:20:00,SHORT,3283.093,3290.081,-0.0021284806735600496,-0.0021367159676776966,Stop Loss,1,0.0025745843934363343
2025-04-30 12:20:00,2025-04-30 12:45:00,SHORT,3290.081,3303.393,-0.004046100992650302,-0.004054336286767949,Stop Loss,5,0.0036009447791709843
2025-04-30 12:45:00,2025-04-30 13:35:00,SHORT,3303.393,3319.174,-0.004777209372302947,-0.004785444666420595,Stop Loss,10,0.003310232842413829
2025-04-30 13:35:00,2025-04-30 13:55:00,SHORT,3319.174,3309.125,0.00302756047137028,0.003019325177252633,Take Profit,4,0.0034494124140524176
2025-04-30 14:30:00,2025-04-30 14:55:00,LONG,3295.326,3309.931,0.004432034948894288,0.004423799654776641,Take Profit,5,0.003402637553917211
2025-04-30 14:55:00,2025-04-30 15:45:00,SHORT,3309.931,3300.274,0.0029175834783263313,0.0029093481842086843,Timeout,10,0.002622169465164226
2025-04-30 22:10:00,2025-04-30 23:00:00,LONG,3276.53,3277.509,0.0002987917095219071,0.00029055641540426006,Timeout,10,0.002555813619896581
2025-05-01 00:20:00,2025-05-01 00:30:00,LONG,3261.493,3249.043,-0.0038172701888367746,-0.0038255054829544216,Stop Loss,2,0.0029101396201064622
2025-05-01 00:30:00,2025-05-01 01:05:00,LONG,3249.043,3241.66,-0.0022723614307352245,-0.0022805967248528715,Stop Loss,7,0.0042028375740179955
2025-05-01 01:45:00,2025-05-01 02:20:00,LONG,3237.581,3250.172,0.0038890146686677163,0.0038807793745500693,Take Profit,7,0.002391167973866998
2025-05-01 02:20:00,2025-05-01 03:05:00,SHORT,3250.172,3237.407,0.003927484453130441,0.003919249159012794,Take Profit,9,0.002161977889170202
2025-05-01 03:10:00,2025-05-01 04:00:00,LONG,3232.115,3229.438,-0.0008282502324328435,-0.0008364855265504906,Timeout,10,0.0021884741106056624
2025-05-01 11:40:00,2025-05-01 11:45:00,LONG,3214.339,3207.897,-0.0020041445535147373,-0.0020123798476323843,Stop Loss,1,0.002246869418564799
2025-05-01 11:45:00,2025-05-01 12:25:00,LONG,3207.897,3219.254,0.0035403256401312045,0.0035320903460135575,Take Profit,8,0.0031706130215528355
2025-05-01 12:25:00,2025-05-01 12:40:00,SHORT,3219.254,3226.598,-0.0022812738603415735,-0.0022895091544592205,Stop Loss,3,0.0025950111423329175
2025-05-02 00:45:00,2025-05-02 01:35:00,LONG,3232.596,3234.765,0.0006709777528648396,0.0006627424587471925,Timeout,10,0.002100231516712794
2025-05-02 13:00:00,2025-05-02 13:20:00,LONG,3244.208,3256.424,0.0037654798952471277,0.0037572446011294807,Take Profit,4,0.002705560186029978
2025-05-02 13:20:00,2025-05-02 14:00:00,SHORT,3256.424,3243.562,0.003949731361763726,0.003941496067646079,Take Profit,8,0.0028455139748386656
2025-05-02 15:20:00,2025-05-02 15:30:00,LONG,3252.622,3242.511,-0.003108569025235603,-0.00311680431935325,Stop Loss,2,0.002080967293463513
2025-05-02 15:30:00,2025-05-02 15:35:00,LONG,3242.511,3235.906,-0.0020370015706962963,-0.0020452368648139433,Stop Loss,1,0.0032880073498594013
2025-05-02 15:35:00,2025-05-02 16:10:00,LONG,3235.906,3228.922,-0.002158282718966473,-0.00216651801308412,Stop Loss,7,0.0036483754472472593
2025-05-02 17:20:00,2025-05-02 18:10:00,SHORT,3238.955,3226.76,0.003765103250894103,0.003756867956776456,Take Profit,10,0.002082276536722505
2025-05-05 01:10:00,2025-05-05 01:30:00,SHORT,3259.204,3267.531,-0.002554918317478676,-0.002563153611596323,Stop Loss,4,0.0020521575206708313
2025-05-05 03:10:00,2025-05-05 04:00:00,LONG,3260.164,3254.044,-0.0018772061773580546,-0.0018854414714757016,Timeout,10,0.002232341685878331
2025-05-05 09:20:00,2025-05-05 09:55:00,SHORT,3297.937,3308.625,-0.0032408138784943744,-0.0032490491726120214,Stop Loss,7,0.002093490566981706
2025-05-05 10:00:00,2025-05-05 10:50:00,SHORT,3314.6,3313.979,0.0001873529234297033,0.00017911762931205626,Timeout,10,0.0025529475653170786
2025-05-05 19:25:00,2025-05-05 20:15:00,SHORT,3336.401,3330.698,0.0017093269064479884,0.0017010916123303414,Timeout,10,0.0021682046013053956
2025-05-06 01:00:00,2025-05-06 01:05:00,SHORT,3349.821,3358.989,-0.002736862656243459,-0.002745097950361106,Stop Loss,1,0.005344345265015757
2025-05-06 01:05:00,2025-05-06 01:35:00,SHORT,3358.989,3369.842,-0.003231031718174744,-0.003239267012292391,Stop Loss,6,0.006144765582739413
2025-05-06 01:35:00,2025-05-06 01:40:00,SHORT,3369.842,3378.381,-0.002533946695423631,-0.002542181989541278,Stop Loss,1,0.0021524451294749297
2025-05-06 01:40:00,2025-05-06 02:15:00,SHORT,3378.381,3385.29,-0.0020450624130315988,-0.0020532977071492458,Stop Loss,7,0.0037086995220492747
2025-05-06 02:40:00,2025-05-06 02:45:00,LONG,3367.135,3357.53,-0.002852573478639858,-0.002860808772757505,Stop Loss,1,0.0025666924551585187
2025-05-06 02:45:00,2025-05-06 03:35:00,LONG,3357.53,3360.578,0.0009078102057166352,0.0008995749115989881,Timeout,10,0.004039874550636882
2025-05-06 12:35:00,2025-05-06 13:15:00,SHORT,3387.985,3394.969,-0.002061402278935687,-0.002069637573053334,Stop Loss,8,0.0023290539952212515
2025-05-06 14:25:00,2025-05-06 15:10:00,LONG,3383.999,3395.092,0.0032780742547501647,0.0032698389606325177,Take Profit,9,0.002456561009622212
2025-05-06 22:00:00,2025-05-06 22:05:00,LONG,3416.624,3404.736,-0.0034794580849399643,-0.0034876933790576113,Stop Loss,1,0.0033406661078303644
2025-05-06 22:05:00,2025-05-06 22:25:00,LONG,3404.736,3388.161,-0.004868218857497268,-0.004876454151614916,Stop Loss,4,0.0054780165040695635
2025-05-06 22:25:00,2025-05-06 23:15:00,LONG,3388.161,3391.874,0.0010958747237807584,0.0010876394296631114,Timeout,10,0.004509880138517531
2025-05-07 00:15:00,2025-05-07 00:30:00,LONG,3387.486,3380.067,-0.0021901197525244,-0.002198355046642047,Stop Loss,3,0.0021007319292241904
2025-05-07 00:40:00,2025-05-07 00:55:00,LONG,3365.369,3379.565,0.004218259572724392,0.004210024278606744,Take Profit,3,0.004054830242983811
2025-05-07 00:55:00,2025-05-07 01:25:00,SHORT,3379.565,3365.476,0.004168879722686186,0.004160644428568539,Take Profit,6,0.00232142302337718
2025-05-07 02:20:00,2025-05-07 03:10:00,SHORT,3389.309,3388.717,0.00017466687162489408,0.00016643157750724703,Timeout,10,0.002962196719154262
2025-05-07 03:25:00,2025-05-07 04:15:00,LONG,3374.835,3386.694,0.0035139495708678865,0.0035057142767502395,Take Profit,10,0.0027311557453918766
2025-05-07 10:10:00,2025-05-07 10:35:00,SHORT,3383.9,3392.232,-0.002462247702355235,-0.002470482996472882,Stop Loss,5,0.0023403764886671084
2025-05-07 14:15:00,2025-05-07 15:05:00,LONG,3380.681,3386.844,0.0018230054832147756,0.0018147701890971286,Timeout,10,0.002150454301958683
2025-05-07 19:10:00,2025-05-07 20:00:00,LONG,3372.856,3372.688,-4.980941967285886e-05,-5.804471379050592e-05,Timeout,10,0.002295739871491529
2025-05-08 00:20:00,2025-05-08 01:00:00,SHORT,3386.625,3393.648,-0.0020737459860480974,-0.0020819812801657444,Stop Loss,8,0.0021007345070682263
2025-05-08 01:00:00,2025-05-08 01:50:00,SHORT,3393.648,3402.855,-0.0027130097169770937,-0.0027212450110947408,Stop Loss,10,0.0024208167729829508
2025-05-08 01:50:00,2025-05-08 02:00:00,SHORT,3402.855,3411.105,-0.0024244347760924282,-0.0024326700702100752,Stop Loss,2,0.0021243338314444384
2025-05-08 02:00:00,2025-05-08 02:50:00,SHORT,3411.105,3406.678,0.0012978199146611244,0.0012895846205434774,Timeout,10,0.002449821978508585
2025-05-08 05:50:00,2025-05-08 06:10:00,LONG,3360.317,3345.119,-0.004522787582242945,-0.004531022876360593,Stop Loss,4,0.0033374232252492073
2025-05-08 06:10:00,2025-05-08 06:20:00,LONG,3345.119,3336.909,-0.0024543222528107477,-0.0024625575469283947,Stop Loss,2,0.0030765422694976207
2025-05-08 06:20:00,2025-05-08 06:35:00,LONG,3336.909,3326.836,-0.003018661881399918,-0.003026897175517565,Stop Loss,3,0.0033266115437968966
2025-05-08 06:35:00,2025-05-08 07:10:00,LONG,3326.836,3338.388,0.003472368340369088,0.003464133046251441,Take Profit,7,0.0025614728228264003
2025-05-08 07:35:00,2025-05-08 08:25:00,SHORT,3347.228,3340.685,0.001954751812544625,0.0019465165184269781,Timeout,10,0.0022625886255730906
2025-05-08 15:25:00,2025-05-08 15:40:00,LONG,3346.915,3336.14,-0.0032193826254924584,-0.0032276179196101054,Stop Loss,3,0.002154401889501329
2025-05-08 15:40:00,2025-05-08 16:00:00,LONG,3336.14,3326.828,-0.00279124976769557,-0.002799485061813217,Stop Loss,4,0.002640536668125482
2025-05-08 16:05:00,2025-05-08 16:10:00,LONG,3321.945,3311.471,-0.003152972129279732,-0.003161207423397379,Stop Loss,1,0.0020671624605465137
2025-05-08 16:10:00,2025-05-08 17:00:00,LONG,3311.471,3303.473,-0.0024152408400979646,-0.0024234761342156116,Stop Loss,10,0.004051975692977568
2025-05-08 17:05:00,2025-05-08 17:55:00,LONG,3299.619,3308.305,0.0026324251375688204,0.0026241898434511733,Timeout,10,0.0024209461759069086
2025-05-08 19:20:00,2025-05-08 19:45:00,LONG,3293.237,3307.271,0.004261460684426934,0.004253225390309287,Take Profit,5,0.0023581661447383295
2025-05-08 19:45:00,2025-05-08 20:35:00,SHORT,3307.271,3307.585,-9.494232556081762e-05,-0.00010317761967846467,Timeout,10,0.0022336845090710953
2025-05-09 01:20:00,2025-05-09 01:30:00,LONG,3305.421,3294.996,-0.0031539098952901093,-0.0031621451894077563,Stop Loss,2,0.0024345461591731977
2025-05-09 01:30:00,2025-05-09 02:00:00,LONG,3294.996,3287.721,-0.0022078934238463693,-0.0022161287179640163,Stop Loss,6,0.0032968173557720174
2025-05-09 02:10:00,2025-05-09 02:30:00,LONG,3277.193,3289.316,0.0036992023356572507,0.0036909670415396036,Take Profit,4,0.002881673432110959
2025-05-09 02:30:00,2025-05-09 02:40:00,SHORT,3289.316,3296.724,-0.002252139958581163,-0.00226037525269881,Stop Loss,2,0.002258645870448304
2025-05-09 02:40:00,2025-05-09 02:50:00,SHORT,3296.724,3305.266,-0.002591057061494962,-0.002599292355612609,Stop Loss,2,0.0027552806968372187
2025-05-09 02:50:00,2025-05-09 03:40:00,SHORT,3305.266,3308.908,-0.0011018780334169248,-0.0011101133275345718,Timeout,10,0.0026423894476269
2025-05-09 05:30:00,2025-05-09 06:20:00,LONG,3314.524,3318.43,0.0011784497562847484,0.0011702144621671014,Timeout,10,0.002329082546996282
2025-05-09 14:00:00,2025-05-09 14:25:00,LONG,3324.741,3338.069,0.004008733311857969,0.004000498017740321,Take Profit,5,0.00224498690273931
2025-05-09 14:25:00,2025-05-09 15:15:00,SHORT,3338.069,3338.93,-0.0002579335538000791,-0.00026616884791772616,Timeout,10,0.002650214839777085
2025-05-11 22:05:00,2025-05-11 22:15:00,LONG,3284.439,3273.991,-0.0031810607534497872,-0.0031892960475674343,Stop Loss,2,0.010464861731333737
2025-05-11 22:15:00,2025-05-11 23:00:00,LONG,3273.991,3267.35,-0.002028411195999035,-0.002036646490116682,Stop Loss,9,0.007495316877779936
2025-05-11 23:25:00,2025-05-12 00:15:00,SHORT,3285.651,3282.993,0.0008089721032452631,0.000800736809127616,Timeout,10,0.00243720346439712
2025-05-12 01:10:00,2025-05-12 01:40:00,LONG,3261.831,3273.816,0.0036743166644745457,0.0036660813703568986,Take Profit,6,0.003283247967169417
2025-05-12 07:00:00,2025-05-12 07:05:00,LONG,3254.727,3246.618,-0.0024914532002222995,-0.0024996884943399465,Stop Loss,1,0.00530870945550891
2025-05-12 07:05:00,2025-05-12 07:20:00,LONG,3246.618,3236.81,-0.003020989842352871,-0.003029225136470518,Stop Loss,3,0.0060910153273344885
2025-05-12 07:20:00,2025-05-12 07:40:00,LONG,3236.81,3221.379,-0.0047673480988998556,-0.004775583393017503,Stop Loss,4,0.003123136668510022
2025-05-12 07:40:00,2025-05-12 08:30:00,LONG,3221.379,3227.482,0.0018945302617295468,0.0018862949676118998,Timeout,10,0.0027565213531224237
2025-05-12 08:35:00,2025-05-12 09:25:00,SHORT,3233.045,3226.423,0.0020482238880066,0.002039988593888953,Timeout,10,0.002000219607212301
2025-05-12 11:05:00,2025-05-12 11:55:00,SHORT,3222.764,3224.862,-0.000650993991493003,-0.0006592292856106501,Timeout,10,0.002361265050745316
2025-05-12 13:05:00,2025-05-12 13:55:00,SHORT,3241.531,3240.927,0.0001863317056044858,0.00017809641148683875,Timeout,10,0.002267200282829351
2025-05-12 14:50:00,2025-05-12 15:40:00,LONG,3235.264,3239.099,0.0011853746711242225,0.0011771393770065755,Timeout,10,0.0020659210500286193
2025-05-13 01:30:00,2025-05-13 01:40:00,LONG,3224.249,3217.412,-0.002120493795609455,-0.002128729089727102,Stop Loss,2,0.0025847259315271054
2025-05-13 01:40:00,2025-05-13 02:10:00,LONG,3217.412,3228.331,0.0033937214133596583,0.0033854861192420113,Take Profit,6,0.002789944216034506
2025-05-13 02:40:00,2025-05-13 03:30:00,SHORT,3238.305,3234.208,0.0012651680431583043,0.0012569327490406573,Timeout,10,0.002286875386969433
2025-05-13 12:00:00,2025-05-13 12:50:00,LONG,3244.009,3244.088,2.4352583485489176e-05,1.6117289367842115e-05,Timeout,10,0.0020372323258042667
2025-05-14 11:45:00,2025-05-14 12:10:00,LONG,3226.355,3213.654,-0.003936640574270352,-0.003944875868387999,Stop Loss,5,0.002052594956227614
2025-05-14 12:10:00,2025-05-14 12:35:00,LONG,3213.654,3200.951,-0.003952821305591696,-0.003961056599709343,Stop Loss,5,0.0020623875501221372
2025-05-14 12:35:00,2025-05-14 12:50:00,LONG,3200.951,3186.401,-0.004545524127048549,-0.004553759421166197,Stop Loss,3,0.0032532206834781007
2025-05-14 12:50:00,2025-05-14 13:10:00,LONG,3186.401,3179.424,-0.0021896176909308846,-0.0021978529850485316,Stop Loss,4,0.003967987707761934
2025-05-15 01:45:00,2025-05-15 02:20:00,LONG,3174.768,3165.014,-0.0030723504835628635,-0.0030805857776805105,Stop Loss,7,0.002254211961314905
2025-05-15 02:20:00,2025-05-15 02:35:00,LONG,3165.014,3158.302,-0.0021206857220852702,-0.0021289210162029172,Stop Loss,3,0.0021647929519426966
2025-05-15 02:45:00,2025-05-15 03:35:00,LONG,3150.987,3152.87,0.0005975905327441246,0.0005893552386264775,Timeout,10,0.002395947682424676
2025-05-15 04:50:00,2025-05-15 05:40:00,LONG,3136.193,3132.859,-0.0010630723300512077,-0.0010713076241688547,Timeout,10,0.002120596532164934
2025-05-15 06:25:00,2025-05-15 06:35:00,SHORT,3140.583,3148.773,-0.002607796068436992,-0.002616031362554639,Stop Loss,2,0.0025500997744686464
2025-05-15 06:35:00,2025-05-15 07:25:00,SHORT,3148.773,3145.179,0.0011413969822531033,0.0011331616881354563,Timeout,10,0.0027436719001338213
2025-05-15 07:35:00,2025-05-15 08:05:00,LONG,3136.86,3149.237,0.003945665410633548,0.003937430116515901,Take Profit,6,0.002110836951601281
2025-05-15 14:10:00,2025-05-15 15:00:00,SHORT,3203.241,3206.401,-0.0009865008595980928,-0.0009947361537157398,Timeout,10,0.0024183007148072823
2025-05-16 01:05:00,2025-05-16 01:15:00,LONG,3231.371,3223.493,-0.00243797446966014,-0.002446209763777787,Stop Loss,2,0.0020789937150515513
2025-05-16 01:15:00,2025-05-16 01:45:00,LONG,3223.493,3215.614,-0.0024442429377076066,-0.0024524782318252536,Stop Loss,6,0.0029969973565942623
2025-05-16 01:45:00,2025-05-16 02:30:00,LONG,3215.614,3226.97,0.0035315183974195183,0.0035232831033018713,Take Profit,9,0.0020480692023358013
2025-05-16 08:10:00,2025-05-16 08:35:00,LONG,3197.494,3207.097,0.0030032894510513748,0.0029950541569337278,Take Profit,5,0.0023716072649392237
2025-05-16 10:45:00,2025-05-16 10:50:00,LONG,3188.934,3172.435,-0.005173829248269249,-0.005182064542386897,Stop Loss,1,0.0027510760649168916
2025-05-16 10:50:00,2025-05-16 11:40:00,LONG,3172.435,3173.919,0.0004677794816914842,0.00045954418757383715,Timeout,10,0.006118265622463472
2025-05-16 11:50:00,2025-05-16 12:10:00,LONG,3154.802,3164.81,0.0031723068515868225,0.0031640715574691755,Take Profit,4,0.005257572424513372
2025-05-16 12:20:00,2025-05-16 13:00:00,SHORT,3173.608,3184.033,-0.0032849047519415524,-0.0032931400460591994,Stop Loss,8,0.002447876360281526
2025-05-18 22:05:00,2025-05-18 22:15:00,SHORT,3215.584,3233.395,-0.005538962751400725,-0.005547198045518373,Stop Loss,2,0.003597853453680548
2025-05-18 22:15:00,2025-05-18 23:00:00,SHORT,3233.395,3240.47,-0.002188102598043177,-0.002196337892160824,Stop Loss,9,0.00598671056273665
2025-05-18 23:40:00,2025-05-19 00:05:00,LONG,3232.35,3243.081,0.003319875632279989,0.003311640338162342,Take Profit,5,0.0023445480842111386
2025-05-19 00:05:00,2025-05-19 00:55:00,SHORT,3243.081,3246.513,-0.0010582529391032136,-0.0010664882332208606,Timeout,10,0.002391491301018972
2025-05-19 01:10:00,2025-05-19 01:25:00,LONG,3233.449,3226.587,-0.002122192123642612,-0.002130427417760259,Stop Loss,3,0.002022793617589086
2025-05-19 03:45:00,2025-05-19 04:35:00,LONG,3208.342,3216.142,0.00243116226387328,0.002422926969755633,Timeout,10,0.0033310663264701354
2025-05-19 12:55:00,2025-05-19 13:45:00,LONG,3229.35,3229.236,-3.530122160807368e-05,-4.353651572572074e-05,Timeout,10,0.0024146035579915076
2025-05-19 14:05:00,2025-05-19 14:25:00,LONG,3218.34,3231.32,0.004033135094489711,0.004024899800372064,Take Profit,4,0.002353014286868218
2025-05-20 12:30:00,2025-05-20 13:00:00,SHORT,3247.979,3236.123,0.0036502699063016624,0.0036420346121840154,Take Profit,6,0.0025663959034217545
2025-05-20 13:00:00,2025-05-20 13:45:00,LONG,3236.123,3247.723,0.0035845361872833353,0.0035763008931656882,Take Profit,9,0.0022522011678789435
2025-05-20 13:55:00,2025-05-20 14:00:00,SHORT,3261.035,3270.703,-0.002964702924071689,-0.002972938218189336,Stop Loss,1,0.004010505867002309
2025-05-20 14:00:00,2025-05-20 14:10:00,SHORT,3270.703,3278.457,-0.00237074414888784,-0.002378979443005487,Stop Loss,2,0.005172465980555318
2025-05-20 14:10:00,2025-05-20 15:00:00,SHORT,3278.457,3277.665,0.00024157705896399323,0.00023334176484634617,Timeout,10,0.0035470954781471604
2025-05-21 01:15:00,2025-05-21 02:05:00,LONG,3293.684,3294.747,0.0003227389148441827,0.00031450362072653565,Timeout,10,0.0020337105806142192
2025-05-21 05:40:00,2025-05-21 06:30:00,SHORT,3312.554,3318.14,-0.0016863121325719627,-0.0016945474266896097,Timeout,10,0.002425137824168103
2025-05-21 12:25:00,2025-05-21 13:15:00,LONG,3295.799,3305.99,0.003092118178323315,0.003083882884205668,Take Profit,10,0.0028496883456787946
2025-05-22 01:20:00,2025-05-22 02:10:00,SHORT,3337.358,3340.366,-0.0009013117561855248,-0.0009095470503031719,Timeout,10,0.0022861796666705098
2025-05-22 08:30:00,2025-05-22 09:20:00,LONG,3314.577,3304.853,-0.0029337076797431947,-0.0029419429738608417,Stop Loss,10,0.002026140892186226
2025-05-22 11:55:00,2025-05-22 12:45:00,SHORT,3314.466,3303.874,0.003195688234545202,0.003187452940427555,Take Profit,10,0.0031072878708063314
2025-05-22 13:50:00,2025-05-22 13:55:00,LONG,3296.186,3287.816,-0.0025392984497841884,-0.0025475337439018354,Stop Loss,1,0.002795109256577052
2025-05-22 13:55:00,2025-05-22 14:30:00,LONG,3287.816,3298.283,0.003183572316699018,0.003175337022581371,Take Profit,7,0.003875825167831758
2025-05-22 15:05:00,2025-05-22 15:55:00,LONG,3285.243,3294.675,0.00287102049985351,0.002862785205735863,Timeout,10,0.0030892691956119797
2025-05-23 00:45:00,2025-05-23 01:35:00,LONG,3295.95,3300.475,0.0013728970403070711,0.0013646617461894241,Timeout,10,0.0022576798798524715
2025-05-23 11:45:00,2025-05-23 12:30:00,SHORT,3346.772,3354.124,-0.0021967436084680586,-0.0022049789025857056,Stop Loss,9,0.004003260455148791
2025-05-23 13:30:00,2025-05-23 14:15:00,LONG,3342.269,3352.67,0.0031119577747932003,0.0031037224806755533,Take Profit,9,0.002500038147737442
2025-05-23 14:15:00,2025-05-23 15:05:00,SHORT,3352.67,3358.978,-0.0018814855025994185,-0.0018897207967170655,Timeout,10,0.002172716074054412
2025-05-25 22:05:00,2025-05-25 22:55:00,LONG,3347.93,3344.326,-0.0010764860675103168,-0.0010847213616279638,Timeout,10,0.002516719286245661
2025-05-27 06:50:00,2025-05-27 07:40:00,LONG,3308.012,3309.807,0.0005426219735598353,0.0005343866794421881,Timeout,10,0.0020803431184648674
2025-05-27 07:50:00,2025-05-27 08:00:00,LONG,3293.937,3307.168,0.004016773848437363,0.004008538554319716,Take Profit,2,0.003353980358458533
2025-05-27 09:05:00,2025-05-27 09:30:00,SHORT,3308.703,3297.044,0.0035237372468910344,0.0035155019527733874,Take Profit,5,0.0021913722688317156
2025-05-28 23:05:00,2025-05-28 23:10:00,LONG,3277.122,3270.505,-0.0020191497295492006,-0.0020273850236668476,Stop Loss,1,0.0020253136746204953
2025-05-28 23:10:00,2025-05-28 23:20:00,LONG,3270.505,3263.178,-0.0022403267996839098,-0.0022485620938015568,Stop Loss,2,0.003116399455130005
2025-05-28 23:20:00,2025-05-28 23:40:00,LONG,3263.178,3252.694,-0.0032128189145673096,-0.0032210542086849566,Stop Loss,4,0.002918749758670916
2025-05-28 23:40:00,2025-05-29 00:00:00,LONG,3252.694,3262.844,0.003120490276675301,0.003112254982557654,Take Profit,4,0.002335479451802061
2025-05-29 01:00:00,2025-05-29 01:15:00,LONG,3255.324,3247.805,-0.0023097547279472743,-0.0023179900220649213,Stop Loss,3,0.0028887447148118117
2025-05-29 01:15:00,2025-05-29 01:45:00,LONG,3247.805,3258.571,0.003314854186134967,0.00330661889201732,Take Profit,6,0.002295889069694897
2025-05-29 01:50:00,2025-05-29 02:40:00,SHORT,3262.366,3269.502,-0.002187369534871307,-0.002195604828988954,Stop Loss,10,0.0020900781825215382
2025-05-29 10:15:00,2025-05-29 11:05:00,SHORT,3294.624,3297.418,-0.0008480482143031569,-0.000856283508420804,Timeout,10,0.0021376642676069167
2025-05-30 12:10:00,2025-05-30 13:00:00,SHORT,3302.804,3304.467,-0.0005035115616912208,-0.0005117468558088679,Timeout,10,0.0027855725014261285
2025-05-30 13:50:00,2025-05-30 14:40:00,LONG,3281.135,3278.815,-0.000707072400251792,-0.0007153076943694391,Timeout,10,0.00246768267687852
2025-06-01 22:05:00,2025-06-01 22:55:00,SHORT,3308.303,3313.149,-0.0014647993246084182,-0.0014730346187260652,Timeout,10,0.004148169015957685
2025-06-02 07:15:00,2025-06-02 08:05:00,SHORT,3356.16,3355.726,0.0001293144546147209,0.00012107916049707384,Timeout,10,0.002063668001525668
2025-06-02 13:40:00,2025-06-02 13:50:00,SHORT,3366.54,3374.492,-0.0023620690679451977,-0.0023703043620628447,Stop Loss,2,0.0023908226250097973
2025-06-02 13:50:00,2025-06-02 14:40:00,SHORT,3374.492,3377.913,-0.0010137822226278272,-0.0010220175167454742,Timeout,10,0.002994821146412622
2025-06-03 13:45:00,2025-06-03 14:00:00,LONG,3344.04,3336.372,-0.0022930347723113718,-0.0023012700664290188,Stop Loss,3,0.0025804117175632947
2025-06-03 14:00:00,2025-06-03 14:25:00,LONG,3336.372,3346.435,0.0030161504772249926,0.0030079151831073456,Take Profit,5,0.0023735362843233083
2025-06-04 14:05:00,2025-06-04 14:30:00,SHORT,3364.466,3372.865,-0.002496384270193216,-0.002504619564310863,Stop Loss,5,0.0024251694028116218
2025-06-04 14:35:00,2025-06-04 15:25:00,SHORT,3378.629,3374.201,0.001310590775133903,0.001302355481016256,Timeout,10,0.002366166868277056
2025-06-05 09:25:00,2025-06-05 10:15:00,SHORT,3387.917,3391.252,-0.0009843806681214553,-0.0009926159622391023,Timeout,10,0.002058432954526264
2025-06-05 12:45:00,2025-06-05 13:00:00,LONG,3383.066,3375.002,-0.002383636618381034,-0.002391871912498681,Stop Loss,3,0.002848658583663494
2025-06-05 13:00:00,2025-06-05 13:35:00,LONG,3375.002,3387.451,0.003688590406761261,0.003680355112643614,Take Profit,7,0.00241036894200352
2025-06-05 14:45:00,2025-06-05 15:30:00,LONG,3367.121,3355.396,-0.003482203342261804,-0.003490438636379451,Stop Loss,9,0.0025256591610458476
2025-06-05 15:30:00,2025-06-05 15:50:00,LONG,3355.396,3341.667,-0.004091618396159579,-0.0040998536902772265,Stop Loss,4,0.002188355711218691
2025-06-05 15:50:00,2025-06-05 16:40:00,LONG,3341.667,3350.194,0.002551720443718672,0.002543485149601025,Timeout,10,0.0024441693322523658
2025-06-06 14:10:00,2025-06-06 14:15:00,LONG,3333.965,3323.894,-0.0030207275721251922,-0.0030289628662428392,Stop Loss,1,0.0021782472221514386
2025-06-06 14:15:00,2025-06-06 15:05:00,LONG,3323.894,3326.109,0.0006663870749187988,0.0006581517808011516,Timeout,10,0.0037516238484140156
2025-06-09 01:55:00,2025-06-09 02:45:00,LONG,3295.964,3305.953,0.003030676305930536,0.003022441011812889,Take Profit,10,0.0022362501532176143
2025-06-10 14:05:00,2025-06-10 14:50:00,LONG,3335.321,3327.908,-0.0022225746787190833,-0.0022308099728367303,Stop Loss,9,0.0022439219493415696
2025-06-11 12:30:00,2025-06-11 12:50:00,SHORT,3355.635,3342.59,0.0038874907431827575,0.0038792554490651105,Take Profit,4,0.004116121091835032
2025-06-11 12:50:00,2025-06-11 13:00:00,LONG,3342.59,3335.413,-0.0021471373994417903,-0.0021553726935594373,Stop Loss,2,0.0028061473288677817
2025-06-11 13:00:00,2025-06-11 13:50:00,LONG,3335.413,3334.081,-0.00039935084500776366,-0.0004075861391254107,Timeout,10,0.0025325799233858193
2025-06-11 18:00:00,2025-06-11 18:10:00,SHORT,3333.025,3341.995,-0.0026912489405269387,-0.0026994842346445857,Stop Loss,2,0.0022940121961281977
2025-06-11 18:10:00,2025-06-11 19:00:00,SHORT,3341.995,3343.759,-0.0005278284378044024,-0.0005360637319220495,Timeout,10,0.002896712891551331
2025-06-12 07:30:00,2025-06-12 07:35:00,LONG,3362.011,3353.262,-0.002602311533186476,-0.002610546827304123,Stop Loss,1,0.0020662038286014582
2025-06-12 07:35:00,2025-06-12 07:40:00,LONG,3353.262,3342.245,-0.003285457563411472,-0.003293692857529119,Stop Loss,1,0.003591428286844037
2025-06-12 07:40:00,2025-06-12 08:15:00,LONG,3342.245,3356.155,0.004161873231914569,0.004153637937796922,Take Profit,7,0.00522217850576477
2025-06-12 10:20:00,2025-06-12 10:35:00,SHORT,3375.235,3383.552,-0.002464124720204669,-0.002472360014322316,Stop Loss,3,0.0021349624544661724
2025-06-12 11:35:00,2025-06-12 12:05:00,LONG,3373.342,3383.495,0.003009774876072391,0.003001539581954744,Take Profit,6,0.002179203887420861
2025-06-12 13:40:00,2025-06-12 14:10:00,SHORT,3398.374,3387.264,0.0032692105106735376,0.0032609752165558906,Take Profit,6,0.002961063143726882
2025-06-13 00:00:00,2025-06-13 00:05:00,SHORT,3401.243,3410.581,-0.002745466877844421,-0.002753702171962068,Stop Loss,1,0.00238465760899763
2025-06-13 00:05:00,2025-06-13 00:50:00,SHORT,3410.581,3417.688,-0.0020838091808990816,-0.0020920444750167286,Stop Loss,9,0.003757717526720463
2025-06-13 03:10:00,2025-06-13 03:20:00,LONG,3431.541,3424.478,-0.0020582589571274544,-0.0020664942512451014,Stop Loss,2,0.0021786130487730314
2025-06-13 03:20:00,2025-06-13 04:10:00,LONG,3424.478,3427.962,0.001017381335199094,0.001009146041081447,Timeout,10,0.0022869470909141557
2025-06-13 06:45:00,2025-06-13 07:35:00,LONG,3408.508,3416.629,0.0023825673872556836,0.0023743320931380366,Timeout,10,0.0037469766830532567
2025-06-15 22:05:00,2025-06-15 22:55:00,SHORT,3444.113,3448.312,-0.0012191818328841327,-0.0012274171270017797,Timeout,10,0.0025081639307420575
2025-06-16 13:50:00,2025-06-16 14:40:00,LONG,3389.949,3395.027,0.0014979576388907251,0.001489722344773078,Timeout,10,0.005023261411897241
2025-06-17 14:30:00,2025-06-17 15:05:00,LONG,3375.731,3386.367,0.0031507249837146286,0.0031424896895969816,Take Profit,7,0.002421816193292542
2025-06-19 07:35:00,2025-06-19 08:25:00,SHORT,3365.855,3366.417,-0.00016697094794633106,-0.00017520624206397812,Timeout,10,0.002793465553329064
2025-06-22 22:05:00,2025-06-22 22:55:00,SHORT,3381.196,3379.142,0.0006074773541670129,0.0005992420600493658,Timeout,10,0.0029587755338644404
2025-06-23 01:20:00,2025-06-23 02:10:00,LONG,3356.159,3362.892,0.0020061624017216465,0.0019979271076039995,Timeout,10,0.0020121215949540075
2025-06-23 12:15:00,2025-06-23 13:05:00,LONG,3362.56,3364.142,0.0004704748762846997,0.00046223958216705266,Timeout,10,0.002854491815759514
2025-06-23 13:40:00,2025-06-23 14:30:00,SHORT,3382.009,3381.508,0.00014813680271111158,0.00013990150859346452,Timeout,10,0.0024428084017516856
2025-06-23 22:00:00,2025-06-23 22:20:00,LONG,3358.673,3351.442,-0.002152933613959968,-0.002161168908077615,Stop Loss,4,0.0025226034210535106
2025-06-24 00:00:00,2025-06-24 00:15:00,LONG,3335.913,3346.688,0.003230000302765717,0.00322176500864807,Take Profit,3,0.002686880623085837
2025-06-24 13:35:00,2025-06-24 14:25:00,LONG,3300.525,3305.029,0.0013646313844009378,0.0013563960902832908,Timeout,10,0.0026704842411434094
2025-06-24 15:25:00,2025-06-24 16:15:00,SHORT,3312.205,3312.703,-0.00015035301257019035,-0.0001585883066878374,Timeout,10,0.002132899382737391
2025-06-26 12:55:00,2025-06-26 13:30:00,LONG,3322.06,3313.784,-0.0024912253240458753,-0.0024994606181635223,Stop Loss,7,0.0022892422171785034
2025-06-26 13:35:00,2025-06-26 13:40:00,LONG,3311.295,3321.55,0.0030969756545400243,0.0030887403604223772,Take Profit,1,0.002231574051843635
2025-06-26 13:45:00,2025-06-26 14:25:00,SHORT,3325.942,3313.914,0.0036164190475960773,0.0036081837534784303,Take Profit,8,0.002264922238571643
2025-06-27 13:45:00,2025-06-27 14:35:00,SHORT,3269.633,3266.954,0.0008193580135751116,0.0008111227194574645,Timeout,10,0.002138405135989203
2025-06-29 22:15:00,2025-06-29 22:25:00,LONG,3261.374,3249.578,-0.0036168804927002615,-0.0036251157868179085,Stop Loss,2,0.0024662611525081207
2025-06-29 22:25:00,2025-06-29 22:35:00,LONG,3249.578,3261.668,0.0037204830904197855,0.0037122477963021385,Take Profit,2,0.0034264141374664384
2025-07-03 12:30:00,2025-07-03 12:35:00,LONG,3328.254,3320.079,-0.0024562428228133214,-0.0024644781169309684,Stop Loss,1,0.005128935471872194
2025-07-03 12:35:00,2025-07-03 12:40:00,LONG,3320.079,3312.114,-0.0023990392999685083,-0.0024072745940861553,Stop Loss,1,0.005941485127311748
2025-07-03 12:40:00,2025-07-03 12:55:00,LONG,3312.114,3324.487,0.0037356805955350712,0.0037274453014174242,Take Profit,3,0.006052327909003078
2025-07-03 13:00:00,2025-07-03 13:40:00,SHORT,3328.819,3337.475,-0.002600321615563943,-0.00260855690968159,Stop Loss,8,0.0023866121888874896
