entry_time,exit_time,entry_price,exit_price,entry_sma,exit_sma,entry_distance,pnl_percent,pnl_dollars,pnl_after_costs,balance_after_trade,hold_candles,exit_reason
2025-01-07 15:05:00,2025-01-07 16:05:00,2644.459,2649.065,2653.21678,2654.03074,0.003300815849657172,0.0017417551189109841,460.6000000000222,460.3200000000222,4460.320000000022,12,Timeout
2025-01-08 17:35:00,2025-01-08 18:35:00,2651.541,2657.376,2664.0245400000003,2663.0127,0.004685970347705646,0.0022006071186529024,583.5000000000036,583.2200000000037,5043.540000000026,12,Timeout
2025-01-08 18:50:00,2025-01-08 19:55:00,2651.781,2658.333,2662.34164,2660.70122,0.003966673488230515,0.002470792271307523,655.2000000000135,654.9200000000135,5698.46000000004,12,Timeout
2025-01-10 13:30:00,2025-01-10 14:30:00,2666.56,2692.956,2679.56826,2680.2871999999998,0.004854610421456501,0.009898895955838304,2639.6000000000186,2639.3200000000184,8337.780000000059,12,Timeout
2025-01-13 01:25:00,2025-01-13 02:25:00,2680.593,2689.001,2689.38148,2688.44554,0.003267844322331008,0.0031366193972752884,840.8000000000357,840.5200000000357,9178.300000000094,12,Timeout
2025-01-13 12:00:00,2025-01-13 13:00:00,2673.12,2670.902,2682.76472,2678.7907,0.0035950674049419562,-0.000829742024301134,-221.79999999998472,-222.07999999998472,8956.220000000108,12,Timeout
2025-01-13 13:05:00,2025-01-13 14:05:00,2669.743,2669.824,2678.4424400000003,2674.28642,0.003247947340619469,3.0339999018681188e-05,8.100000000013097,7.8200000000130965,8964.040000000121,12,Timeout
2025-01-15 15:00:00,2025-01-15 16:00:00,2677.358,2679.944,2686.1150199999997,2684.4912400000003,0.003260106114145312,0.0009658775554108884,258.59999999997854,258.31999999997856,9222.360000000099,12,Timeout
2025-01-17 20:00:00,2025-01-17 21:00:00,2700.437,2700.616,2710.6486800000002,2707.43142,0.0037672458534908112,6.628556785442035e-05,17.90000000000873,17.62000000000873,9239.980000000107,12,Timeout
2025-01-19 23:20:00,2025-01-20 00:20:00,2693.326,2695.082,2703.96494,2700.98032,0.003934570246313852,0.0006519819732181912,175.5999999999858,175.3199999999858,9415.300000000092,12,Timeout
2025-01-20 01:05:00,2025-01-20 02:05:00,2689.987,2695.868,2698.7267000000006,2696.39588,0.003238453156446163,0.002186255918708848,588.0999999999858,587.8199999999858,10003.120000000077,12,Timeout
2025-01-23 09:25:00,2025-01-23 10:25:00,2743.845,2747.102,2752.8576800000005,2751.0818400000003,0.003273936050337599,0.0011870204038493654,325.7000000000062,325.4200000000062,10328.540000000083,12,Timeout
2025-01-23 13:35:00,2025-01-23 14:35:00,2736.482,2743.968,2747.2181399999995,2746.5333400000004,0.00390800418928492,0.002735629176438901,748.5999999999876,748.3199999999877,11076.86000000007,12,Timeout
2025-01-27 02:10:00,2025-01-27 03:10:00,2758.719,2758.639,2768.1738400000004,2764.7185600000003,0.0034155513874808995,-2.8998966549303223e-05,-7.999999999992724,-8.279999999992723,11068.580000000076,12,Timeout
2025-01-27 13:35:00,2025-01-27 14:35:00,2755.123,2750.924,2764.8140000000003,2762.26342,0.00350511824665249,-0.0015240698872609568,-419.9000000000069,-420.1800000000069,10648.400000000069,12,Timeout
2025-01-27 14:35:00,2025-01-27 15:35:00,2750.924,2741.006,2762.26342,2756.8863199999996,0.004105118982461218,-0.0036053340623005653,-991.800000000012,-992.080000000012,9656.320000000056,12,Timeout
2025-01-27 15:35:00,2025-01-27 16:35:00,2741.006,2741.496,2756.8863199999996,2750.5210600000005,0.0057602375131665775,0.00017876648208731995,49.00000000002365,48.720000000023646,9705.040000000079,12,Timeout
2025-01-27 16:35:00,2025-01-27 17:35:00,2741.496,2734.526,2750.5210600000005,2744.1111800000003,0.0032812182866908835,-0.002542407503056818,-697.0000000000255,-697.2800000000254,9007.760000000053,12,Timeout
2025-01-27 17:35:00,2025-01-27 18:35:00,2734.526,2736.752,2744.1111800000003,2739.5052,0.003492999871820241,0.0008140350466589503,222.60000000001128,222.32000000001128,9230.080000000064,12,Timeout
2025-01-31 18:25:00,2025-01-31 19:25:00,2799.651,2801.758,2808.73578,2806.20446,0.003234472984140978,0.000752593805442168,210.6999999999971,210.4199999999971,9440.50000000006,12,Timeout
2025-01-31 20:00:00,2025-01-31 21:00:00,2794.894,2801.753,2804.4372200000003,2802.18686,0.0034029002082637005,0.002454118116823171,685.9000000000378,685.6200000000379,10126.120000000097,12,Timeout
2025-02-02 23:30:00,2025-02-03 00:30:00,2789.714,2793.612,2799.09972,2797.4630199999997,0.0033531209813418934,0.0013972758497825003,389.8000000000138,389.52000000001385,10515.64000000011,12,Timeout
2025-02-03 01:05:00,2025-02-03 02:05:00,2784.918,2777.943,2796.31866,2792.6847,0.004077024612066133,-0.0025045620732818377,-697.4999999999909,-697.7799999999909,9817.860000000119,12,Timeout
2025-02-03 02:05:00,2025-02-03 03:05:00,2777.943,2776.449,2792.6847,2787.00054,0.005278683984625827,-0.0005378080111795461,-149.4000000000142,-149.6800000000142,9668.180000000104,12,Timeout
2025-02-03 03:05:00,2025-02-03 04:05:00,2776.449,2782.355,2787.00054,2782.3453400000003,0.0037859841964723593,0.0021271775566559835,590.5999999999949,590.3199999999949,10258.500000000098,12,Timeout
2025-02-05 13:45:00,2025-02-05 14:45:00,2859.477,2870.84,2868.8113,2867.2502999999997,0.0032537169663267797,0.003973803601148141,1136.3000000000284,1136.0200000000284,11394.520000000126,12,Timeout
2025-02-06 07:50:00,2025-02-06 08:50:00,2855.77,2855.934,2866.37412,2862.7862800000003,0.0036994891650779928,5.742759395897241e-05,16.400000000021464,16.120000000021463,11410.640000000147,12,Timeout
2025-02-06 14:45:00,2025-02-06 15:45:00,2848.22,2852.63,2861.6866199999995,2857.9679000000006,0.0047058332334096375,0.0015483354516155035,441.0000000000309,440.72000000003095,11851.360000000177,12,Timeout
2025-02-07 16:55:00,2025-02-07 17:55:00,2860.715,2860.092,2870.74854,2869.47542,0.0034950953941789353,-0.00021777772340133403,-62.30000000000473,-62.58000000000473,11788.780000000172,12,Timeout
2025-02-07 17:55:00,2025-02-07 18:55:00,2860.092,2861.249,2869.47542,2868.06668,0.0032700820277457242,0.00040453244161366066,115.6999999999698,115.4199999999698,11904.20000000014,12,Timeout
2025-02-11 03:00:00,2025-02-11 04:00:00,2911.966,2919.127,2922.94664,2924.4132400000003,0.0037567021750353337,0.0024591633281432746,716.1000000000058,715.8200000000058,12620.020000000146,12,Timeout
2025-02-11 07:35:00,2025-02-11 08:35:00,2909.577,2912.65,2919.4849200000003,2917.35756,0.0033937219309220145,0.0010561672710500067,307.29999999998654,307.01999999998657,12927.040000000132,12,Timeout
2025-02-11 09:35:00,2025-02-11 10:35:00,2905.958,2904.657,2915.35726,2910.92518,0.0032240508321097292,-0.00044770089588353683,-130.0999999999931,-130.3799999999931,12796.660000000138,12,Timeout
2025-02-11 12:50:00,2025-02-11 13:50:00,2891.941,2892.819,2904.6022399999997,2899.9017,0.004359027141699067,0.00030360232107091967,87.80000000001564,87.52000000001564,12884.180000000153,12,Timeout
2025-02-12 10:40:00,2025-02-12 11:40:00,2880.971,2883.765,2890.5342800000003,2888.2004,0.0033084817800535836,0.0009698119141080799,279.3999999999869,279.11999999998693,13163.30000000014,12,Timeout
2025-02-12 13:15:00,2025-02-12 14:15:00,2874.304,2893.088,2884.445,2882.2297399999998,0.003515754330555818,0.006535147291309515,1878.4000000000106,1878.1200000000106,15041.42000000015,12,Timeout
2025-02-14 13:40:00,2025-02-14 14:40:00,2917.93,2923.406,2932.88192,2929.53214,0.005098029995015951,0.0018766728468469474,547.6000000000113,547.3200000000113,15588.74000000016,12,Timeout
2025-02-14 15:00:00,2025-02-14 16:00:00,2918.525,2901.365,2928.23898,2921.1947600000003,0.003317345362296896,-0.005879682373801941,-1716.000000000031,-1716.280000000031,13872.460000000128,12,Timeout
2025-02-14 16:00:00,2025-02-14 17:00:00,2901.365,2895.668,2921.1947600000003,2912.65576,0.006788236194152468,-0.001963558531932267,-569.6999999999662,-569.9799999999661,13302.480000000161,12,Timeout
2025-02-14 17:00:00,2025-02-14 18:00:00,2895.668,2885.777,2912.65576,2904.0279400000004,0.005832395380633645,-0.003415792141916848,-989.1000000000076,-989.3800000000076,12313.100000000153,12,Timeout
2025-02-14 18:00:00,2025-02-14 19:00:00,2885.777,2885.065,2904.0279400000004,2894.93174,0.006284698486750907,-0.000246727311223282,-71.19999999999891,-71.47999999999891,12241.620000000154,12,Timeout
2025-02-14 19:00:00,2025-02-14 20:00:00,2885.065,2880.528,2894.93174,2888.78912,0.0034082807078552866,-0.001572581553621933,-453.7000000000262,-453.98000000002617,11787.640000000127,12,Timeout
2025-02-17 06:25:00,2025-02-17 07:25:00,2889.647,2899.77,2899.81998,2899.50442,0.0035081419088643837,0.0035031960651249264,1012.3000000000047,1012.0200000000048,12799.66000000013,12,Timeout
2025-02-19 15:55:00,2025-02-19 16:55:00,2925.73,2928.06,2936.2713799999997,2934.4373800000003,0.003590056447711473,0.0007963824413052221,232.99999999999272,232.71999999999272,13032.380000000123,12,Timeout
2025-02-19 17:40:00,2025-02-19 18:40:00,2922.712,2924.976,2932.3298999999997,2928.8161800000003,0.003279951549789721,0.0007746230213582876,226.40000000001237,226.12000000001237,13258.500000000135,12,Timeout
2025-02-20 12:20:00,2025-02-20 13:20:00,2940.882,2942.913,2951.80084,2949.3094800000003,0.0036990435980768332,0.0006906091437874586,203.0999999999949,202.8199999999949,13461.320000000129,12,Timeout
2025-02-20 13:45:00,2025-02-20 14:45:00,2936.425,2935.625,2948.2788,2943.3721400000004,0.004020583128027059,-0.00027244012702527115,-80.00000000001819,-80.28000000001819,13381.04000000011,12,Timeout
2025-02-21 01:45:00,2025-02-21 02:45:00,2930.771,2940.232,2940.46414,2940.0393400000003,0.0032964659790069256,0.0032281607809002424,946.0999999999785,945.8199999999786,14326.860000000088,12,Timeout
2025-02-21 03:25:00,2025-02-21 04:25:00,2928.345,2930.666,2939.24364,2936.84878,0.0037079743413173947,0.0007925978667132348,232.10000000003674,231.82000000003674,14558.680000000124,12,Timeout
2025-02-21 08:25:00,2025-02-21 09:25:00,2919.415,2925.378,2929.02592,2927.7726199999997,0.003281268333740139,0.0020425324936674616,596.3000000000193,596.0200000000193,15154.700000000143,12,Timeout
2025-02-24 01:10:00,2025-02-24 02:10:00,2924.256,2928.037,2935.4201000000003,2933.4642200000003,0.0038032375672566988,0.0012929784533228107,378.0999999999949,377.81999999999493,15532.520000000137,12,Timeout
2025-02-24 15:00:00,2025-02-24 16:00:00,2933.506,2938.716,2945.8379199999995,2944.46162,0.004186218093084914,0.0017760318199451567,521.0000000000036,520.7200000000037,16053.24000000014,12,Timeout
2025-02-25 04:05:00,2025-02-25 05:05:00,2936.616,2937.601,2947.8818,2944.9348199999995,0.0038216593351877697,0.0003354200889732016,98.50000000001273,98.22000000001273,16151.460000000152,12,Timeout
2025-02-25 12:30:00,2025-02-25 13:30:00,2927.161,2931.703,2939.11232,2936.57192,0.004066302576690952,0.0015516741306678778,454.19999999999163,453.91999999999166,16605.380000000143,12,Timeout
2025-02-25 15:15:00,2025-02-25 16:15:00,2920.439,2899.562,2935.16396,2926.7907200000004,0.005016741892674374,-0.007148582798681963,-2087.6999999999953,-2087.9799999999955,14517.400000000147,12,Timeout
2025-02-25 16:15:00,2025-02-25 17:15:00,2899.562,2896.174,2926.7907200000004,2918.35614,0.009303268530248899,-0.0011684523386635362,-338.799999999992,-339.07999999999197,14178.320000000154,12,Timeout
2025-02-25 17:15:00,2025-02-25 18:15:00,2896.174,2905.934,2918.35614,2911.26448,0.007600902335381141,0.0033699632687815783,976.0000000000218,975.7200000000219,15154.040000000175,12,Timeout
2025-02-26 14:00:00,2025-02-26 15:00:00,2902.935,2900.488,2912.7613199999996,2908.82986,0.003373541090555154,-0.0008429399900445985,-244.70000000001164,-244.98000000001164,14909.060000000163,12,Timeout
2025-02-27 04:30:00,2025-02-27 05:30:00,2900.732,2892.774,2911.1991,2906.4263399999995,0.0035954600288244957,-0.00274344544756292,-795.8000000000084,-796.0800000000083,14112.980000000154,12,Timeout
2025-02-27 05:30:00,2025-02-27 06:30:00,2892.774,2897.144,2906.4263399999995,2901.45284,0.004697294341201037,0.0015106607014581475,436.9999999999891,436.7199999999891,14549.700000000143,12,Timeout
2025-02-27 08:10:00,2025-02-27 09:10:00,2885.28,2886.926,2895.2055800000003,2890.81504,0.0034282815937374924,0.0005704818943047922,164.59999999997308,164.31999999997308,14714.020000000115,12,Timeout
2025-02-27 14:45:00,2025-02-27 15:45:00,2871.995,2874.164,2887.6925200000005,2883.8444200000004,0.005436008124577134,0.0007552241560310251,216.90000000003238,216.62000000003238,14930.640000000147,12,Timeout
2025-02-27 15:45:00,2025-02-27 16:45:00,2874.164,2876.277,2883.8444200000004,2881.21306,0.0033567760912706027,0.0007351702964757157,211.2999999999829,211.0199999999829,15141.660000000129,12,Timeout
2025-02-28 03:40:00,2025-02-28 04:40:00,2863.77,2862.999,2875.70172,2872.2500600000003,0.004149150767973266,-0.00026922553138002895,-77.10000000001855,-77.38000000001855,15064.28000000011,12,Timeout
2025-02-28 04:40:00,2025-02-28 05:40:00,2862.999,2864.325,2872.2500600000003,2868.56302,0.0032208407369658148,0.0004631507031612732,132.60000000000218,132.32000000000218,15196.600000000111,12,Timeout
2025-02-28 08:40:00,2025-02-28 09:40:00,2852.237,2861.137,2861.71016,2860.73674,0.0033103142772502184,0.003120357810378342,890.0000000000091,889.7200000000091,16086.32000000012,12,Timeout
2025-02-28 13:55:00,2025-02-28 14:55:00,2848.622,2833.891,2860.3696600000003,2855.6481200000003,0.004107042584139439,-0.005171272285336478,-1473.0999999999767,-1473.3799999999767,14612.940000000142,12,Timeout
2025-02-28 14:55:00,2025-02-28 15:55:00,2833.891,2850.17,2855.6481200000003,2850.8772400000003,0.007618977929255587,0.005744398778922688,1627.8999999999996,1627.6199999999997,16240.560000000141,12,Timeout
2025-03-04 14:45:00,2025-03-04 15:45:00,2909.616,2906.513,2919.72748,2917.66238,0.0034631588287822083,-0.0010664637532925533,-310.30000000000655,-310.5800000000065,15929.980000000134,12,Timeout
2025-03-04 15:45:00,2025-03-04 16:45:00,2906.513,2912.453,2917.66238,2914.7483599999996,0.003821340013987599,0.002043686025144238,594.0000000000055,593.7200000000055,16523.70000000014,12,Timeout
2025-03-05 01:15:00,2025-03-05 02:15:00,2904.144,2914.267,2915.51978,2913.7056800000005,0.00390180168834262,0.003485708697640354,1012.3000000000047,1012.0200000000048,17535.720000000143,12,Timeout
2025-03-05 13:40:00,2025-03-05 14:40:00,2899.88,2914.591,2915.0294799999997,2911.90292,0.005197024628375143,0.005072968536629027,1471.0999999999785,1470.8199999999786,19006.54000000012,12,Timeout
2025-03-06 08:00:00,2025-03-06 09:00:00,2908.194,2900.691,2918.1465,2915.1087999999995,0.003410555295972931,-0.002579951681352811,-750.3000000000156,-750.5800000000156,18255.960000000105,12,Timeout
2025-03-06 09:00:00,2025-03-06 10:00:00,2900.691,2893.347,2915.1087999999995,2910.7021800000007,0.004945887439947256,-0.002531810523768163,-734.3999999999596,-734.6799999999596,17521.280000000144,12,Timeout
2025-03-06 10:00:00,2025-03-06 11:00:00,2893.347,2902.061,2910.7021800000007,2905.4421999999995,0.005962540626537226,0.0030117369261274023,871.3999999999942,871.1199999999942,18392.40000000014,12,Timeout
2025-03-07 00:05:00,2025-03-07 01:05:00,2903.078,2904.611,2912.4723,2909.80604,0.003225541406865889,0.0005280602174657043,153.29999999999018,153.01999999999018,18545.42000000013,12,Timeout
2025-03-07 14:00:00,2025-03-07 15:00:00,2909.569,2929.807,2918.9315400000005,2919.02224,0.003207522982879048,0.006955669379210402,2023.799999999983,2023.519999999983,20568.94000000011,12,Timeout
2025-03-07 17:15:00,2025-03-07 18:15:00,2905.919,2905.641,2917.7010800000003,2915.7248600000003,0.004038138135795736,-9.566680970797625e-05,-27.799999999979264,-28.079999999979265,20540.86000000013,12,Timeout
2025-03-07 18:15:00,2025-03-07 19:15:00,2905.641,2906.713,2915.7248600000003,2912.1270600000003,0.0034584401766908092,0.0003689375253171732,107.20000000001164,106.92000000001164,20647.780000000144,12,Timeout
2025-03-10 08:40:00,2025-03-10 09:40:00,2900.458,2913.181,2910.2874199999997,2909.55488,0.0033774739678459572,0.004386548607150993,1272.2999999999956,1272.0199999999957,21919.80000000014,12,Timeout
2025-03-10 17:05:00,2025-03-10 18:05:00,2894.085,2883.349,2903.6542000000004,2900.09824,0.003295571490572246,-0.0037096353424311574,-1073.5999999999876,-1073.8799999999876,20845.920000000155,12,Timeout
2025-03-10 18:05:00,2025-03-10 19:05:00,2883.349,2883.131,2900.09824,2895.2404600000004,0.005775404353198617,-7.560652560626616e-05,-21.800000000030195,-22.080000000030196,20823.840000000124,12,Timeout
2025-03-10 19:05:00,2025-03-10 20:05:00,2883.131,2887.764,2895.2404600000004,2890.8625799999995,0.004182540333800316,0.0016069335732577764,463.30000000002656,463.0200000000266,21286.86000000015,12,Timeout
2025-03-14 13:55:00,2025-03-14 14:55:00,2986.038,2985.412,2995.6654000000003,2992.99028,0.003213776812323668,-0.0002096423421269936,-62.60000000002037,-62.880000000020374,21223.98000000013,12,Timeout
2025-03-14 15:00:00,2025-03-14 16:00:00,2982.46,2984.239,2992.7800199999997,2989.40138,0.0034483055657393955,0.0005964874633691638,177.89999999999964,177.61999999999964,21401.60000000013,12,Timeout
2025-03-19 08:40:00,2025-03-19 09:40:00,3027.985,3030.002,3038.0793400000002,3035.6530599999996,0.0033226057881688177,0.0006661195481482984,201.69999999998254,201.41999999998254,21603.020000000113,12,Timeout
2025-03-20 10:15:00,2025-03-20 11:15:00,3031.972,3032.818,3044.0004799999997,3039.75228,0.003951536827615576,0.0002790263234620912,84.60000000000036,84.32000000000036,21687.340000000113,12,Timeout
2025-03-21 13:35:00,2025-03-21 14:35:00,3016.69,3007.004,3032.4249,3026.7193199999997,0.005188883655453404,-0.003210803894334568,-968.6000000000149,-968.8800000000149,20718.460000000097,12,Timeout
2025-03-21 14:35:00,2025-03-21 15:35:00,3007.004,3012.981,3026.7193199999997,3022.5137,0.006513758930246559,0.0019876927333652753,597.7000000000317,597.4200000000317,21315.88000000013,12,Timeout
2025-03-21 15:50:00,2025-03-21 16:50:00,3010.623,3015.382,3021.26098,3016.17136,0.0035210397481120516,0.0015807359473437937,475.90000000000146,475.6200000000015,21791.50000000013,12,Timeout
2025-03-24 14:30:00,2025-03-24 15:30:00,3010.723,3011.315,3025.33524,3020.9853200000002,0.004829957290948004,0.00019663051034588642,59.20000000000982,58.92000000000982,21850.42000000014,12,Timeout
2025-03-24 15:30:00,2025-03-24 16:30:00,3011.315,3010.705,3020.9853200000002,3017.88766,0.0032010483255179053,-0.00020256930942134162,-61.00000000001273,-61.280000000012734,21789.140000000127,12,Timeout
2025-03-26 15:00:00,2025-03-26 16:00:00,3013.507,3017.016,3023.46692,3020.98278,0.0032942050511998934,0.001164424041490534,350.90000000000146,350.6200000000015,22139.76000000013,12,Timeout
2025-03-27 13:35:00,2025-03-27 14:35:00,3037.313,3055.899,3048.3165599999998,3049.0234599999994,0.0036097169645660596,0.006119224459250589,1858.5999999999785,1858.3199999999786,23998.080000000107,12,Timeout
2025-03-28 08:25:00,2025-03-28 09:25:00,3066.314,3073.891,3078.24908,3077.74676,0.0038772301038095974,0.0024710450397448618,757.7000000000226,757.4200000000226,24755.50000000013,12,Timeout
2025-03-31 13:40:00,2025-03-31 14:40:00,3104.154,3119.486,3118.08274,3117.76294,0.004467084795831889,0.004939187939773568,1533.199999999988,1532.919999999988,26288.42000000012,12,Timeout
2025-04-01 05:55:00,2025-04-01 06:55:00,3132.07,3133.728,3143.09388,3141.69276,0.0035073339902910363,0.0005293623705727847,165.79999999999018,165.51999999999018,26453.940000000108,12,Timeout
2025-04-01 07:30:00,2025-04-01 08:30:00,3129.89,3131.912,3140.15956,3136.5126400000004,0.003270394323529274,0.0006460290936741976,202.19999999999345,201.91999999999345,26655.860000000102,12,Timeout
2025-04-01 15:50:00,2025-04-01 16:50:00,3118.248,3108.496,3130.1908399999998,3124.59114,0.0038153712059293184,-0.003127397179441774,-975.1999999999953,-975.4799999999952,25680.380000000107,12,Timeout
2025-04-01 16:50:00,2025-04-01 17:50:00,3108.496,3114.184,3124.59114,3119.37226,0.005151118747651541,0.001829823811901351,568.8000000000102,568.5200000000102,26248.900000000118,12,Timeout
2025-04-02 04:45:00,2025-04-02 05:45:00,3117.655,3117.816,3128.33988,3125.47324,0.003415511232750002,5.164137789447628e-05,16.099999999960346,15.819999999960347,26264.720000000078,12,Timeout
2025-04-02 10:50:00,2025-04-02 11:50:00,3111.603,3122.755,3124.9256800000003,3125.86178,0.0042633589929089825,0.003584004771816984,1115.2000000000044,1114.9200000000044,27379.640000000083,12,Timeout
2025-04-03 05:10:00,2025-04-03 06:10:00,3135.929,3130.931,3148.5746400000003,3142.9154,0.004016306248341053,-0.0015937860838048461,-499.80000000000473,-500.0800000000047,26879.560000000078,12,Timeout
2025-04-03 06:10:00,2025-04-03 07:10:00,3130.931,3120.995,3142.9154,3137.3185,0.003813147499929468,-0.003173496956656071,-993.6000000000149,-993.8800000000149,25885.680000000062,12,Timeout
2025-04-03 07:10:00,2025-04-03 08:10:00,3120.995,3129.389,3137.3185,3132.0420400000003,0.0052030101502286005,0.0026895268976721313,839.4000000000233,839.1200000000233,26724.800000000087,12,Timeout
2025-04-03 10:05:00,2025-04-03 11:05:00,3113.311,3097.465,3126.4765399999997,3121.31962,0.004210983140784902,-0.005089758138521979,-1584.6000000000004,-1584.8800000000003,25139.920000000086,12,Timeout
2025-04-03 11:05:00,2025-04-03 12:05:00,3097.465,3092.026,3121.31962,3113.8288000000002,0.007642479112728631,-0.0017559520446559704,-543.9000000000306,-544.1800000000305,24595.740000000056,12,Timeout
2025-04-03 12:05:00,2025-04-03 13:05:00,3092.026,3064.498,3113.8288000000002,3100.73974,0.007001926374372408,-0.00890290055775721,-2752.7999999999793,-2753.0799999999795,21842.660000000076,12,Timeout
2025-04-03 13:05:00,2025-04-03 14:05:00,3064.498,3106.157,3100.73974,3089.77808,0.011688094789922594,0.013594069893339824,4165.900000000011,4165.620000000011,26008.280000000086,12,Timeout
2025-04-04 02:35:00,2025-04-04 03:35:00,3092.525,3091.953,3111.7191399999997,3107.18656,0.006168339472951151,-0.00018496212641777072,-57.20000000001164,-57.48000000001164,25950.800000000076,12,Timeout
2025-04-04 03:35:00,2025-04-04 04:35:00,3091.953,3102.082,3107.18656,3103.57302,0.004902685984841581,0.003275923016941042,1012.8999999999905,1012.6199999999906,26963.420000000067,12,Timeout
2025-04-04 08:05:00,2025-04-04 09:05:00,3090.573,3089.737,3100.8274800000004,3097.25092,0.0033070140361373835,-0.00027050000113240663,-83.59999999997854,-83.87999999997854,26879.54000000009,12,Timeout
2025-04-04 12:35:00,2025-04-04 13:35:00,3080.359,3075.115,3100.7186600000005,3098.51064,0.006566110064303779,-0.0017023989736261722,-524.4000000000142,-524.6800000000142,26354.860000000073,12,Timeout
2025-04-04 13:35:00,2025-04-04 14:35:00,3075.115,3044.014,3098.51064,3089.3097400000006,0.00755060824964609,-0.010113768102981403,-3110.099999999966,-3110.379999999966,23244.48000000011,12,Timeout
2025-04-04 14:35:00,2025-04-04 15:35:00,3044.014,3022.89,3089.3097400000006,3069.4723200000003,0.014662090826800834,-0.006939521303121553,-2112.400000000025,-2112.6800000000253,21131.800000000083,12,Timeout
2025-04-04 15:35:00,2025-04-04 16:35:00,3022.89,3033.463,3069.4723200000003,3050.10794,0.01517600262966386,0.00349764629212453,1057.300000000032,1057.020000000032,22188.820000000116,12,Timeout
2025-04-04 16:35:00,2025-04-04 17:35:00,3033.463,3025.359,3050.10794,3037.32864,0.0054571642471117525,-0.0026715341509028685,-810.4000000000269,-810.6800000000269,21378.14000000009,12,Timeout
2025-04-04 17:35:00,2025-04-04 18:35:00,3025.359,3022.07,3037.32864,3028.5514599999997,0.003940844544237483,-0.0010871437075731375,-328.899999999976,-329.17999999997596,21048.960000000116,12,Timeout
2025-04-06 22:20:00,2025-04-06 23:20:00,3012.356,2992.43,3028.61994,3025.3705200000004,0.005370082850342662,-0.0066147560248524355,-1992.6000000000386,-1992.8800000000385,19056.080000000078,12,Timeout
2025-04-06 23:20:00,2025-04-07 00:20:00,2992.43,2984.016,3025.3705200000004,3016.9345999999996,0.010888094460575546,-0.0028117616786356775,-841.399999999976,-841.679999999976,18214.400000000103,12,Timeout
2025-04-07 00:20:00,2025-04-07 01:20:00,2984.016,3019.28,3016.9345999999996,3007.35074,0.010911273979886577,0.011817631004659533,3526.4000000000124,3526.120000000012,21740.520000000117,12,Timeout
2025-04-07 06:25:00,2025-04-07 07:25:00,3018.568,3019.107,3030.26304,3028.0223800000003,0.0038594141319162867,0.0001785614900839603,53.89999999997599,53.61999999997599,21794.140000000094,12,Timeout
2025-04-07 12:35:00,2025-04-07 13:35:00,3016.396,3010.836,3030.79356,3030.1808399999995,0.0047504258257695005,-0.0018432593068020246,-556.00000000004,-556.28000000004,21237.860000000055,12,Timeout
2025-04-07 13:35:00,2025-04-07 14:35:00,3010.836,2998.466,3030.1808399999995,3026.6658999999995,0.006384054622957669,-0.004108493454973931,-1236.999999999989,-1237.279999999989,20000.580000000067,12,Timeout
2025-04-07 14:35:00,2025-04-07 15:35:00,2998.466,2984.556,3026.6658999999995,3016.21206,0.009317149937163404,-0.004639038761820162,-1390.9999999999854,-1391.2799999999854,18609.300000000083,12,Timeout
2025-04-07 15:35:00,2025-04-07 16:35:00,2984.556,2979.362,3016.21206,3003.87662,0.010495303171753713,-0.001740292358394334,-519.399999999996,-519.679999999996,18089.620000000086,12,Timeout
2025-04-07 16:35:00,2025-04-07 17:35:00,2979.362,2965.492,3003.87662,2989.7993,0.008160994308747583,-0.004655359100371116,-1386.999999999989,-1387.279999999989,16702.3400000001,12,Timeout
2025-04-07 17:35:00,2025-04-07 18:35:00,2965.492,2975.004,2989.7993,2979.30792,0.008130077493830419,0.003207562185296644,951.1999999999716,950.9199999999717,17653.26000000007,12,Timeout
2025-04-07 18:50:00,2025-04-07 19:50:00,2965.281,2976.038,2977.3048,2973.0182400000003,0.00403848473962086,0.0036276494537954623,1075.7000000000062,1075.4200000000062,18728.680000000077,12,Timeout
2025-04-08 09:25:00,2025-04-08 10:25:00,2995.775,3008.043,3006.63516,3006.9999199999997,0.0036120644581299063,0.004095100600011693,1226.800000000003,1226.520000000003,19955.20000000008,12,Timeout
2025-04-08 16:00:00,2025-04-08 17:00:00,2997.826,2982.353,3010.08952,3005.08306,0.004074137967830263,-0.005161406966248193,-1547.2999999999956,-1547.5799999999956,18407.620000000086,12,Timeout
2025-04-08 17:00:00,2025-04-08 18:00:00,2982.353,2983.194,3005.08306,2998.0942,0.007563870796968876,0.00028199210489163906,84.09999999998945,83.81999999998945,18491.440000000075,12,Timeout
2025-04-08 18:00:00,2025-04-08 19:00:00,2983.194,2987.362,2998.0942,2991.4701400000004,0.004969890539129838,0.001397160224913338,416.800000000012,416.52000000001203,18907.960000000086,12,Timeout
2025-04-08 19:15:00,2025-04-08 20:15:00,2979.679,2980.056,2990.0305200000003,2984.54472,0.0034620114847523907,0.0001265236960088495,37.69999999999527,37.41999999999527,18945.38000000008,12,Timeout
2025-04-08 23:45:00,2025-04-09 00:45:00,2970.655,2979.653,2981.8472600000005,2981.3300200000003,0.0037534652261163298,0.0030289616263078655,899.7999999999593,899.5199999999593,19844.90000000004,12,Timeout
2025-04-09 17:25:00,2025-04-09 18:25:00,3060.216,3063.99,3079.9804200000003,3077.46288,0.006417060274688508,0.0012332462806546622,377.3999999999887,377.11999999998875,20222.02000000003,12,Timeout
2025-04-09 18:25:00,2025-04-09 19:25:00,3063.99,3091.572,3077.46288,3077.8132,0.004377917955585628,0.009001987604398297,2758.2000000000335,2757.9200000000333,22979.940000000064,12,Timeout
2025-04-10 07:30:00,2025-04-10 08:30:00,3111.883,3108.002,3123.00724,3119.8743,0.0035620282455701576,-0.0012471548576857994,-388.0999999999858,-388.3799999999858,22591.560000000078,12,Timeout
2025-04-10 08:30:00,2025-04-10 09:30:00,3108.002,3106.774,3119.8743,3115.4284400000006,0.0038053776717863266,-0.0003951091408564298,-122.80000000000655,-123.08000000000655,22468.480000000072,12,Timeout
2025-04-11 05:40:00,2025-04-11 06:40:00,3189.074,3206.404,3214.19272,3210.3628,0.007814938987230343,0.0054341793260363125,1732.9999999999927,1732.7199999999928,24201.200000000066,12,Timeout
2025-04-11 06:55:00,2025-04-11 07:55:00,3197.219,3212.406,3209.2921400000005,3207.1291,0.0037619323742837632,0.004750065603888848,1518.6999999999898,1518.4199999999898,25719.620000000057,12,Timeout
2025-04-11 16:50:00,2025-04-11 17:50:00,3222.763,3232.376,3233.47558,3232.7176999999997,0.003313023319631778,0.0029828442240401433,961.3000000000284,961.0200000000284,26680.640000000087,12,Timeout
2025-04-13 22:05:00,2025-04-13 23:05:00,3221.116,3220.363,3232.60982,3230.45674,0.003555585313417176,-0.0002337699108011498,-75.30000000001564,-75.58000000001564,26605.06000000007,12,Timeout
2025-04-13 23:10:00,2025-04-14 00:10:00,3219.596,3222.783,3230.1696400000005,3226.67762,0.003273400836000837,0.0009898757483857907,318.6999999999898,318.41999999998984,26923.48000000006,12,Timeout
2025-04-14 08:15:00,2025-04-14 09:15:00,3218.142,3227.787,3229.1733600000002,3228.16888,0.0034161560158542876,0.0029970709807087387,964.4999999999982,964.2199999999982,27887.70000000006,12,Timeout
2025-04-14 10:20:00,2025-04-14 11:20:00,3207.344,3221.498,3226.4251600000002,3222.43406,0.0059140252923146,0.004412997171491426,1415.3999999999996,1415.1199999999997,29302.820000000058,12,Timeout
2025-04-14 12:35:00,2025-04-14 13:35:00,3208.94,3200.151,3220.9840000000004,3215.5874599999997,0.003739229999279823,-0.002738910668320447,-878.9000000000215,-879.1800000000214,28423.640000000036,12,Timeout
2025-04-14 13:35:00,2025-04-14 14:50:00,3200.151,3212.61,3215.5874599999997,3212.4873599999996,0.004800510075381342,0.003893253787087012,1245.9000000000287,1245.6200000000288,29669.260000000064,12,Timeout
2025-04-14 15:35:00,2025-04-14 16:35:00,3200.786,3206.358,3211.3341600000003,3205.9764400000004,0.0032846659595214094,0.0017408224104954583,557.2000000000116,556.9200000000117,30226.180000000077,12,Timeout
2025-04-17 01:45:00,2025-04-17 02:45:00,3328.468,3332.571,3348.10428,3344.10352,0.005864894984692702,0.001232699247822141,410.30000000000655,410.0200000000066,30636.200000000084,12,Timeout
2025-04-17 02:45:00,2025-04-17 03:45:00,3332.571,3340.937,3344.10352,3341.5409999999997,0.0034486133371852685,0.0025103741225618254,836.5999999999985,836.3199999999986,31472.520000000084,12,Timeout
2025-04-17 06:00:00,2025-04-17 07:00:00,3326.438,3329.583,3337.7218199999998,3336.92404,0.0033806951593106857,0.000945455769805414,314.4999999999982,314.2199999999982,31786.74000000008,12,Timeout
2025-04-17 07:05:00,2025-04-17 08:05:00,3324.276,3323.016,3336.60116,3331.6215,0.003693926666380564,-0.0003790299000443295,-125.99999999997635,-126.27999999997635,31660.460000000105,12,Timeout
2025-04-17 08:25:00,2025-04-17 09:25:00,3316.732,3323.913,3329.8387199999997,3325.4607999999994,0.003936142588911865,0.002165082979269968,718.100000000004,717.820000000004,32378.280000000108,12,Timeout
2025-04-17 13:55:00,2025-04-17 14:55:00,3315.081,3291.249,3326.3126,3320.32114,0.0033765918452763792,-0.007188964613534431,-2383.2000000000335,-2383.4800000000337,29994.800000000076,12,Timeout
2025-04-17 14:55:00,2025-04-17 15:55:00,3291.249,3296.431,3320.32114,3313.28268,0.008755821733556839,0.0015744782603808597,518.2000000000244,517.9200000000244,30512.7200000001,12,Timeout
2025-04-17 15:55:00,2025-04-17 16:55:00,3296.431,3316.087,3313.28268,3308.52928,0.005086097875596827,0.00596281250843714,1965.599999999995,1965.319999999995,32478.040000000095,12,Timeout
2025-04-22 07:10:00,2025-04-22 08:10:00,3462.079,3469.203,3483.96374,3480.3794,0.00628156365370208,0.002057723119547473,712.3999999999796,712.1199999999797,33190.160000000076,12,Timeout
2025-04-22 08:10:00,2025-04-22 09:10:00,3469.203,3454.385,3480.3794,3473.74332,0.0032112590943389192,-0.004271298047418891,-1481.7999999999756,-1482.0799999999756,31708.0800000001,12,Timeout
2025-04-22 09:10:00,2025-04-22 10:10:00,3454.385,3465.507,3473.74332,3467.2463000000002,0.0055727548689463394,0.0032196758612603525,1112.1999999999844,1111.9199999999844,32820.00000000009,12,Timeout
2025-04-22 12:45:00,2025-04-22 13:45:00,3435.503,3421.703,3454.45546,3449.60096,0.005486381347061853,-0.004016879042166513,-1380.0000000000182,-1380.2800000000182,31439.72000000007,12,Timeout
2025-04-22 13:45:00,2025-04-22 14:45:00,3421.703,3428.39,3449.60096,3442.43838,0.008087300625055553,0.0019542900128970567,668.6999999999898,668.4199999999898,32108.14000000006,12,Timeout
2025-04-22 14:45:00,2025-04-22 15:45:00,3428.39,3422.257,3442.43838,3435.2477000000003,0.00408093869787734,-0.001788886328568165,-613.2999999999811,-613.579999999981,31494.56000000008,12,Timeout
2025-04-22 15:45:00,2025-04-22 16:45:00,3422.257,3386.034,3435.2477000000003,3422.2852000000003,0.0037815904803604953,-0.010584535293521193,-3622.2999999999956,-3622.579999999996,27871.980000000087,12,Timeout
2025-04-22 16:45:00,2025-04-22 17:45:00,3386.034,3398.938,3422.2852000000003,3412.9410399999997,0.0105926881839071,0.003810948147596863,1290.3999999999996,1290.1199999999997,29162.100000000086,12,Timeout
2025-04-22 17:45:00,2025-04-22 18:45:00,3398.938,3378.59,3412.9410399999997,3404.6203599999994,0.00410292467285037,-0.005986575806913794,-2034.7999999999956,-2035.0799999999956,27127.02000000009,12,Timeout
2025-04-22 18:45:00,2025-04-22 19:45:00,3378.59,3370.686,3404.6203599999994,3393.24842,0.007645598406748439,-0.0023394374576376524,-790.3999999999996,-790.6799999999996,26336.34000000009,12,Timeout
2025-04-22 19:45:00,2025-04-22 20:45:00,3370.686,3380.104,3393.24842,3386.4530199999995,0.006649209609003442,0.0027940899864299625,941.7999999999665,941.5199999999666,27277.86000000006,12,Timeout
2025-04-22 22:00:00,2025-04-22 23:00:00,3326.179,3335.239,3385.17136,3368.5912,0.017426698304572604,0.0027238461910798983,905.9999999999945,905.7199999999946,28183.580000000053,12,Timeout
2025-04-22 23:00:00,2025-04-23 00:00:00,3335.239,3338.294,3368.5912,3356.47956,0.009900934254058436,0.0009159763363284719,305.49999999998363,305.21999999998366,28488.800000000036,12,Timeout
2025-04-23 00:00:00,2025-04-23 01:00:00,3338.294,3364.714,3356.47956,3350.86814,0.005418045805111457,0.00791422205473816,2642.0000000000073,2641.720000000007,31130.520000000044,12,Timeout
2025-04-23 03:00:00,2025-04-23 04:00:00,3344.952,3339.653,3357.1524799999997,3357.5544399999994,0.003634175114977058,-0.0015841781885062723,-529.9000000000433,-530.1800000000433,30600.34,12,Timeout
2025-04-23 04:00:00,2025-04-23 05:00:00,3339.653,3343.9,3357.5544399999994,3355.8961799999997,0.005331690169110003,0.0012716890048158592,424.70000000002983,424.42000000002986,31024.76000000003,12,Timeout
2025-04-23 05:00:00,2025-04-23 06:00:00,3343.9,3310.179,3355.8961799999997,3346.1894799999995,0.0035746576641711367,-0.010084332665450522,-3372.1000000000004,-3372.3800000000006,27652.38000000003,12,Timeout
2025-04-23 06:00:00,2025-04-23 07:00:00,3310.179,3310.323,3346.1894799999995,3332.92784,0.010761638040891655,4.3502179187221624e-05,14.399999999977808,14.119999999977809,27666.500000000007,12,Timeout
2025-04-23 07:00:00,2025-04-23 08:00:00,3310.323,3317.507,3332.92784,3325.95648,0.006782277050438623,0.0021701809762975388,718.4000000000196,718.1200000000197,28384.620000000028,12,Timeout
2025-04-23 08:10:00,2025-04-23 09:10:00,3306.414,3331.706,3324.8153,3319.4189400000005,0.005534533000976022,0.007649374821180867,2529.1999999999916,2528.9199999999914,30913.54000000002,12,Timeout
2025-04-23 12:50:00,2025-04-23 13:50:00,3316.346,3275.635,3328.03446,3320.34262,0.00351212108542886,-0.01227586023894967,-4071.0999999999785,-4071.3799999999787,26842.16000000004,12,Timeout
2025-04-23 13:50:00,2025-04-23 14:50:00,3275.635,3291.723,3320.34262,3308.55906,0.013464761055291239,0.004911414122757797,1608.7999999999738,1608.5199999999738,28450.680000000015,12,Timeout
2025-04-23 14:50:00,2025-04-23 15:50:00,3291.723,3284.974,3308.55906,3296.2981200000004,0.005088638194054208,-0.0020502940253477576,-674.8999999999796,-675.1799999999796,27775.500000000036,12,Timeout
2025-04-23 15:50:00,2025-04-23 16:50:00,3284.974,3297.709,3296.2981200000004,3288.67328,0.0034354052903443756,0.003876743012273361,1273.4999999999673,1273.2199999999673,29048.720000000005,12,Timeout
2025-04-24 03:30:00,2025-04-24 04:30:00,3323.301,3329.21,3338.38612,3341.1544400000002,0.0045186864124633335,0.001778051401302532,590.9000000000106,590.6200000000106,29639.340000000015,12,Timeout
2025-04-24 04:30:00,2025-04-24 05:30:00,3329.21,3324.786,3341.1544400000002,3337.9261000000006,0.003574943994507543,-0.001328843779755551,-442.3999999999978,-442.6799999999978,29196.660000000018,12,Timeout
2025-04-24 05:30:00,2025-04-24 06:30:00,3324.786,3319.98,3337.9261000000006,3330.1385800000003,0.003936606026119191,-0.0014455065679415276,-480.600000000004,-480.880000000004,28715.780000000013,12,Timeout
2025-04-24 06:35:00,2025-04-24 07:35:00,3318.73,3323.771,3329.4309399999997,3326.8843799999995,0.0032140447400298743,0.0015189545398390852,504.10000000001673,503.82000000001676,29219.60000000003,12,Timeout
2025-04-24 13:35:00,2025-04-24 14:35:00,3323.599,3320.918,3334.3569800000005,3330.4357,0.0032264031909385762,-0.0008066556765723061,-268.100000000004,-268.380000000004,28951.220000000027,12,Timeout
2025-04-25 03:45:00,2025-04-25 04:45:00,3338.412,3324.451,3350.9620800000002,3343.6665999999996,0.003745216955722887,-0.004181928413868566,-1396.0999999999785,-1396.3799999999785,27554.840000000047,12,Timeout
2025-04-25 04:45:00,2025-04-25 05:45:00,3324.451,3303.037,3343.6665999999996,3334.90466,0.005746864833951908,-0.0064413643034594925,-2141.4000000000215,-2141.6800000000217,25413.160000000025,12,Timeout
2025-04-25 05:45:00,2025-04-25 06:45:00,3303.037,3301.891,3334.90466,3322.5647599999998,0.0095557934180944,-0.00034695342498425866,-114.59999999997308,-114.87999999997308,25298.280000000053,12,Timeout
2025-04-25 06:45:00,2025-04-25 07:45:00,3301.891,3307.902,3322.5647599999998,3312.70556,0.006222229359947728,0.0018204719659128564,601.0999999999967,600.8199999999968,25899.10000000005,12,Timeout
2025-04-25 08:10:00,2025-04-25 09:10:00,3295.775,3304.562,3309.70452,3304.5427799999998,0.0042086899044388665,0.002666140740796871,878.6999999999807,878.4199999999807,26777.52000000003,12,Timeout
2025-04-25 11:40:00,2025-04-25 12:40:00,3289.36,3295.548,3300.3925,3298.62882,0.0033427842294514367,0.0018812170148599261,618.7999999999647,618.5199999999647,27396.039999999994,12,Timeout
2025-04-25 13:00:00,2025-04-25 14:00:00,3283.964,3278.594,3297.9289799999997,3292.14298,0.004234469597340978,-0.0016352189000853514,-536.9999999999891,-537.2799999999891,26858.760000000006,12,Timeout
2025-04-25 14:00:00,2025-04-25 15:00:00,3278.594,3280.024,3292.14298,3287.69974,0.004115550291196656,0.0004361625745669748,142.99999999998363,142.71999999998363,27001.47999999999,12,Timeout
2025-04-25 15:05:00,2025-04-25 16:05:00,3274.591,3282.802,3287.23102,3283.0005199999996,0.0038451876132515554,0.0025074887214923147,821.100000000024,820.820000000024,27822.300000000014,12,Timeout
2025-04-28 01:20:00,2025-04-28 02:20:00,3295.316,3274.745,3310.35668,3302.60972,0.004543522482296399,-0.006242496925939702,-2057.0999999999913,-2057.3799999999915,25764.920000000024,12,Timeout
2025-04-28 02:20:00,2025-04-28 03:20:00,3274.745,3292.794,3302.60972,3295.2143999999994,0.008437182217219428,0.00551157418363872,1804.8999999999978,1804.6199999999978,27569.540000000023,12,Timeout
2025-04-28 07:00:00,2025-04-28 08:00:00,3280.272,3284.613,3291.7835800000003,3290.86892,0.003497064652105811,0.0013233658672207349,434.09999999998945,433.8199999999895,28003.36000000001,12,Timeout
2025-04-28 09:55:00,2025-04-28 10:55:00,3274.505,3289.553,3285.33066,3283.5258799999997,0.003295150814438864,0.004595503747894651,1504.7999999999774,1504.5199999999775,29507.87999999999,12,Timeout
2025-04-28 22:15:00,2025-04-28 23:15:00,3333.215,3337.123,3344.73692,3344.7768199999996,0.0034447911078159424,0.00117244162167754,390.7999999999902,390.5199999999902,29898.39999999998,12,Timeout
2025-04-29 00:50:00,2025-04-29 01:50:00,3329.104,3324.507,3340.06376,3335.35164,0.003281302629983383,-0.0013808520250493085,-459.69999999997526,-459.97999999997523,29438.420000000006,12,Timeout
2025-04-29 01:50:00,2025-04-29 02:50:00,3324.507,3324.07,3335.35164,3332.9302800000005,0.00325142328920971,-0.00013144806132154275,-43.699999999989814,-43.979999999989815,29394.440000000017,12,Timeout
2025-04-29 02:55:00,2025-04-29 03:55:00,3320.583,3316.03,3332.62214,3327.18656,0.003612512758497086,-0.0013711447658437941,-455.29999999998836,-455.57999999998833,28938.86000000003,12,Timeout
2025-04-29 03:55:00,2025-04-29 04:55:00,3316.03,3309.374,3327.18656,3322.11628,0.0033531513183318157,-0.0020072194763016025,-665.6000000000404,-665.8800000000404,28272.97999999999,12,Timeout
2025-04-29 04:55:00,2025-04-29 05:55:00,3309.374,3310.341,3322.11628,3317.4359600000003,0.003835591209348154,0.0002922002771521437,96.70000000000982,96.42000000000982,28369.399999999998,12,Timeout
2025-04-30 08:10:00,2025-04-30 09:10:00,3285.159,3284.796,3307.8599200000003,3303.00592,0.006862721079192562,-0.0001104969348516415,-36.300000000028376,-36.58000000002838,28332.81999999997,12,Timeout
2025-04-30 09:10:00,2025-04-30 10:10:00,3284.796,3273.943,3303.00592,3295.55774,0.005513135743940852,-0.003304010355589696,-1085.299999999961,-1085.579999999961,27247.24000000001,12,Timeout
2025-04-30 10:10:00,2025-04-30 11:10:00,3273.943,3276.094,3295.55774,3287.9394800000005,0.0065587502041460155,0.0006570059405432043,215.099999999984,214.819999999984,27462.059999999994,12,Timeout
2025-04-30 11:10:00,2025-04-30 12:10:00,3276.094,3275.725,3287.9394800000005,3279.87754,0.0036027062152617253,-0.00011263413076674291,-36.90000000001419,-37.18000000001419,27424.87999999998,12,Timeout
2025-04-30 19:35:00,2025-04-30 20:35:00,3294.804,3286.486,3306.16338,3302.7491800000003,0.003435819315136167,-0.0025245811283463935,-831.8000000000211,-832.0800000000211,26592.79999999996,12,Timeout
2025-04-30 20:35:00,2025-04-30 22:35:00,3286.486,3272.824,3302.7491800000003,3296.00864,0.004924134142090794,-0.004157023641664625,-1366.1999999999807,-1366.4799999999807,25226.319999999978,12,Timeout
2025-04-30 22:35:00,2025-04-30 23:35:00,3272.824,3275.37,3296.00864,3288.96646,0.007034156318230993,0.0007779214525436815,254.59999999998217,254.31999999998217,25480.63999999996,12,Timeout
2025-04-30 23:35:00,2025-05-01 00:35:00,3275.37,3252.393,3288.96646,3280.6669199999997,0.004133961280955174,-0.007015085318605185,-2297.699999999986,-2297.9799999999864,23182.659999999974,12,Timeout
2025-05-01 00:35:00,2025-05-01 01:35:00,3252.393,3249.109,3280.6669199999997,3268.98304,0.008618345199152262,-0.0010097180752756834,-328.40000000001055,-328.6800000000105,22853.979999999963,12,Timeout
2025-05-01 01:35:00,2025-05-01 02:35:00,3249.109,3244.095,3268.98304,3259.06606,0.006079578803810542,-0.001543192302874457,-501.40000000001237,-501.68000000001234,22352.299999999952,12,Timeout
2025-05-01 02:35:00,2025-05-01 03:35:00,3244.095,3232.325,3259.06606,3249.5064800000005,0.004593665708021981,-0.003628130495561931,-1176.9999999999982,-1177.2799999999982,21175.019999999953,12,Timeout
2025-05-01 03:35:00,2025-05-01 04:35:00,3232.325,3223.548,3249.5064800000005,3239.1429599999997,0.005287412136504077,-0.0027153828900249957,-877.7000000000044,-877.9800000000043,20297.03999999995,12,Timeout
2025-05-01 04:35:00,2025-05-01 05:35:00,3223.548,3234.703,3239.1429599999997,3235.0351,0.004814532792340818,0.0034604727461791172,1115.50000000002,1115.22000000002,21412.25999999997,12,Timeout
2025-05-01 09:35:00,2025-05-01 10:35:00,3222.536,3222.381,3233.38942,3229.0473,0.003356669608945499,-4.8098764451413445e-05,-15.500000000020009,-15.780000000020008,21396.47999999995,12,Timeout
2025-05-01 11:40:00,2025-05-01 12:40:00,3214.339,3226.598,3226.35412,3221.4553400000004,0.0037240549403795837,0.0038138478859883833,1225.9000000000015,1225.6200000000015,22622.09999999995,12,Timeout
2025-05-01 15:30:00,2025-05-01 16:30:00,3209.082,3210.397,3220.277,3220.02554,0.003476409016988341,0.00040977450872244916,131.50000000000546,131.22000000000546,22753.319999999956,12,Timeout
2025-05-02 12:55:00,2025-05-02 13:55:00,3250.417,3250.486,3261.31718,3258.51826,0.00334226307911581,2.1228045509225427e-05,6.899999999995998,6.619999999995998,22759.93999999995,12,Timeout
2025-05-02 14:00:00,2025-05-02 15:00:00,3243.562,3263.047,3258.07836,3256.92108,0.0044554975037494424,0.006007284584046838,1948.5000000000127,1948.2200000000128,24708.159999999963,12,Timeout
2025-05-02 15:30:00,2025-05-02 16:30:00,3242.511,3231.702,3256.1747000000005,3248.5582999999997,0.004196242910431224,-0.0033335276271999515,-1080.8999999999742,-1081.1799999999741,23626.97999999999,12,Timeout
2025-05-02 16:30:00,2025-05-02 17:30:00,3231.702,3235.884,3248.5582999999997,3243.52286,0.0051888556225078266,0.0012940549592752638,418.1999999999789,417.9199999999789,24044.89999999997,12,Timeout
2025-05-02 17:35:00,2025-05-02 18:35:00,3229.826,3228.284,3242.97012,3237.8515399999997,0.004053111658025369,-0.00047742509968026645,-154.19999999999163,-154.47999999999163,23890.419999999976,12,Timeout
2025-05-02 18:40:00,2025-05-02 19:40:00,3225.127,3233.044,3237.1940000000004,3230.5818799999997,0.0037276110112648363,0.002454787051796694,791.6999999999916,791.4199999999917,24681.839999999967,12,Timeout
2025-05-06 05:40:00,2025-05-06 06:40:00,3352.212,3366.877,3364.5078000000003,3360.56946,0.003654561300170065,0.004374723317021705,1466.4999999999964,1466.2199999999964,26148.059999999965,12,Timeout
2025-05-06 22:05:00,2025-05-06 23:05:00,3404.736,3387.917,3417.84614,3413.26274,0.003835789986731301,-0.004939883738416124,-1681.899999999996,-1682.179999999996,24465.87999999997,12,Timeout
2025-05-06 23:05:00,2025-05-07 00:05:00,3387.917,3394.717,3413.26274,3408.47212,0.007425663340525671,0.0020071329964695657,680.0000000000182,679.7200000000182,25145.599999999988,12,Timeout
2025-05-07 00:05:00,2025-05-07 01:05:00,3394.717,3372.734,3408.47212,3399.14056,0.004035567701812332,-0.006475650253025561,-2198.3000000000175,-2198.5800000000177,22947.01999999997,12,Timeout
2025-05-07 01:05:00,2025-05-07 02:05:00,3372.734,3373.963,3399.14056,3386.10886,0.007768599013157579,0.00036439280417615774,122.90000000002692,122.62000000002692,23069.64,12,Timeout
2025-05-07 02:05:00,2025-05-07 03:05:00,3373.963,3388.168,3386.10886,3383.2833400000004,0.003586966781688061,0.0042101825064471445,1420.4999999999927,1420.2199999999928,24489.859999999993,12,Timeout
2025-05-07 09:20:00,2025-05-07 10:20:00,3373.188,3390.159,3387.15372,3384.9307400000002,0.004123143250788067,0.00503114561062117,1697.1000000000004,1696.8200000000004,26186.679999999993,12,Timeout
2025-05-07 19:10:00,2025-05-07 20:10:00,3372.856,3371.485,3385.2503,3382.1134599999996,0.00366126546093207,-0.00040648044268717503,-137.10000000000946,-137.38000000000946,26049.299999999985,12,Timeout
2025-05-07 20:15:00,2025-05-07 22:15:00,3368.067,3369.295,3381.7562,3377.7126999999996,0.004047955911191884,0.00036460082296464573,122.80000000000655,122.52000000000655,26171.819999999992,12,Timeout
2025-05-08 04:50:00,2025-05-08 05:50:00,3384.901,3360.317,3397.8766000000005,3394.3133000000003,0.00381873785528311,-0.007262841660657087,-2458.3999999999833,-2458.6799999999835,23713.14000000001,12,Timeout
2025-05-08 05:50:00,2025-05-08 06:50:00,3360.317,3330.531,3394.3133000000003,3377.91726,0.010015663551151936,-0.008864044671975905,-2978.600000000006,-2978.880000000006,20734.260000000006,12,Timeout
2025-05-08 06:50:00,2025-05-08 07:50:00,3330.531,3343.23,3377.91726,3362.8920999999996,0.014028247690116666,0.0038129055096619937,1269.900000000007,1269.620000000007,22003.880000000012,12,Timeout
2025-05-08 07:50:00,2025-05-08 08:50:00,3343.23,3339.279,3362.8920999999996,3350.1623,0.005846782892617803,-0.001181791261743889,-395.1000000000022,-395.38000000000216,21608.50000000001,12,Timeout
2025-05-08 08:50:00,2025-05-08 09:50:00,3339.279,3337.205,3350.1623,3340.9444,0.0032485888817983424,-0.0006210921579179425,-207.4000000000069,-207.6800000000069,21400.820000000003,12,Timeout
2025-05-08 15:30:00,2025-05-08 16:30:00,3343.494,3312.347,3354.30744,3348.9833800000006,0.0032237474332406156,-0.009315703871458999,-3114.6999999999935,-3114.9799999999937,18285.84000000001,12,Timeout
2025-05-08 16:30:00,2025-05-08 17:30:00,3312.347,3303.035,3348.9833800000006,3336.89752,0.01093955264716792,-0.0028112996615391904,-931.2000000000353,-931.4800000000353,17354.359999999975,12,Timeout
2025-05-08 17:30:00,2025-05-08 18:30:00,3303.035,3308.646,3336.89752,3324.16736,0.0101479052913798,0.0016987407036257052,561.1000000000331,560.8200000000331,17915.180000000008,12,Timeout
2025-05-08 18:30:00,2025-05-08 19:30:00,3308.646,3297.017,3324.16736,3311.20932,0.004669247459309549,-0.00351473079924548,-1162.900000000036,-1163.180000000036,16751.99999999997,12,Timeout
2025-05-08 19:30:00,2025-05-08 20:30:00,3297.017,3308.706,3311.20932,3305.95506,0.004286144012182265,0.0035453259719316903,1168.9000000000306,1168.6200000000306,17920.620000000003,12,Timeout
2025-05-09 01:25:00,2025-05-09 02:25:00,3302.437,3280.021,3314.4309200000002,3309.14934,0.0036186966298275853,-0.006787714648303575,-2241.5999999999713,-2241.8799999999715,15678.74000000003,12,Timeout
2025-05-09 02:25:00,2025-05-09 03:25:00,3280.021,3304.509,3309.14934,3305.22386,0.008802364900219267,0.007465805859169752,2448.799999999983,2448.5199999999827,18127.260000000013,12,Timeout
2025-05-09 19:30:00,2025-05-09 20:30:00,3327.453,3329.148,3339.5085400000007,3335.9050799999995,0.003609974298793302,0.0005093986301234499,169.50000000001637,169.22000000001637,18296.48000000003,12,Timeout
2025-05-11 22:05:00,2025-05-11 23:05:00,3284.439,3271.123,3333.5359200000003,3318.01764,0.014728180880078955,-0.004054269237455713,-1331.5999999999804,-1331.8799999999803,16964.60000000005,12,Timeout
2025-05-11 23:05:00,2025-05-12 00:05:00,3271.123,3284.675,3318.01764,3304.3027,0.014133330526838302,0.004142919725121964,1355.2000000000135,1354.9200000000135,18319.520000000062,12,Timeout
2025-05-12 00:05:00,2025-05-12 01:05:00,3284.675,3270.147,3304.3027,3291.73142,0.005940042962770936,-0.00442296422020451,-1452.8000000000247,-1453.0800000000247,16866.44000000004,12,Timeout
2025-05-12 01:05:00,2025-05-12 02:05:00,3270.147,3274.521,3291.73142,3277.5357400000003,0.006557163160049107,0.0013375545503001092,437.4000000000251,437.12000000002513,17303.560000000063,12,Timeout
2025-05-12 07:00:00,2025-05-12 08:00:00,3254.727,3228.014,3277.2422600000004,3266.24158,0.006870184812031741,-0.008207447199104484,-2671.299999999974,-2671.579999999974,14631.980000000089,12,Timeout
2025-05-12 08:00:00,2025-05-12 09:00:00,3228.014,3228.184,3266.24158,3253.8168,0.011703843412586696,5.266395994567333e-05,17.000000000007276,16.720000000007275,14648.700000000095,12,Timeout
2025-05-12 09:00:00,2025-05-12 10:00:00,3228.184,3218.338,3253.8168,3241.30096,0.0078777637388804,-0.003050012019141413,-984.6000000000004,-984.8800000000003,13663.820000000094,12,Timeout
2025-05-12 10:00:00,2025-05-12 11:00:00,3218.338,3218.687,3241.30096,3226.0463799999998,0.0070844886924662,0.0001084410649222379,34.89999999997053,34.61999999997053,13698.440000000064,12,Timeout
2025-05-12 16:45:00,2025-05-12 17:45:00,3225.288,3223.993,3236.7606,3233.9396400000005,0.00354446973928194,-0.00040151453141551164,-129.50000000000728,-129.78000000000728,13568.660000000056,12,Timeout
2025-05-12 18:15:00,2025-05-12 19:15:00,3221.366,3232.979,3231.8275599999997,3228.69046,0.0032370415208662112,0.0036049924162606262,1161.299999999983,1161.019999999983,14729.680000000038,12,Timeout
2025-05-13 01:30:00,2025-05-13 02:30:00,3224.249,3228.431,3236.17598,3233.8533999999995,0.0036855165089014056,0.00129704622688888,418.2000000000244,417.9200000000244,15147.600000000062,12,Timeout
2025-05-13 12:10:00,2025-05-13 13:10:00,3241.598,3243.307,3253.60864,3250.5735000000004,0.0036914826978084146,0.0005272091110618383,170.89999999998327,170.61999999998326,15318.220000000045,12,Timeout
2025-05-13 13:35:00,2025-05-13 14:35:00,3237.317,3244.068,3249.28912,3245.13278,0.003684535157647007,0.002085368840926052,675.1000000000204,674.8200000000204,15993.040000000065,12,Timeout
2025-05-14 01:00:00,2025-05-14 02:00:00,3239.575,3236.007,3250.57692,3248.72816,0.003384605339534668,-0.0011013790389170668,-356.7999999999756,-357.0799999999756,15635.960000000088,12,Timeout
2025-05-14 02:00:00,2025-05-14 03:00:00,3236.007,3230.81,3248.72816,3244.9129599999997,0.003915735442758638,-0.0016059915816004466,-519.7000000000116,-519.9800000000116,15115.980000000076,12,Timeout
2025-05-14 03:00:00,2025-05-14 04:00:00,3230.81,3227.901,3244.9129599999997,3238.85836,0.004346175128222766,-0.0009003933997976067,-290.90000000001055,-291.1800000000105,14824.800000000065,12,Timeout
2025-05-14 04:00:00,2025-05-14 05:00:00,3227.901,3222.941,3238.85836,3234.00716,0.00338309329463865,-0.0015366022687808693,-496.00000000000364,-496.2800000000036,14328.52000000006,12,Timeout
2025-05-14 05:00:00,2025-05-14 06:00:00,3222.941,3233.485,3234.00716,3230.19462,0.003421810606010009,0.0032715460816689864,1054.4000000000324,1054.1200000000324,15382.640000000092,12,Timeout
2025-05-14 11:55:00,2025-05-14 12:55:00,3220.132,3184.754,3233.4431200000004,3226.4548,0.004116701456000964,-0.010986506143226476,-3537.8000000000156,-3538.080000000016,11844.560000000076,12,Timeout
2025-05-14 12:55:00,2025-05-14 13:55:00,3184.754,3191.406,3226.4548,3215.7007,0.012924650300385448,0.0020887013565255097,665.2000000000044,664.9200000000044,12509.48000000008,12,Timeout
2025-05-14 13:55:00,2025-05-14 14:55:00,3191.406,3181.791,3215.7007,3204.23222,0.007555025254682416,-0.003012778693779413,-961.4999999999782,-961.7799999999781,11547.7000000001,12,Timeout
2025-05-14 14:55:00,2025-05-14 15:55:00,3181.791,3182.674,3204.23222,3191.68958,0.0070036184830572935,0.0002775166564993775,88.29999999998108,88.01999999998108,11635.720000000081,12,Timeout
2025-05-14 19:00:00,2025-05-14 20:00:00,3170.853,3180.777,3181.34014,3179.91554,0.003296453550546697,0.0031297571978265715,992.3999999999978,992.1199999999978,12627.840000000078,12,Timeout
2025-05-15 01:55:00,2025-05-15 02:55:00,3172.483,3154.223,3183.12398,3178.7729999999997,0.0033429360800453878,-0.005755744002410798,-1826.0000000000218,-1826.2800000000218,10801.560000000056,12,Timeout
2025-05-15 02:55:00,2025-05-15 03:55:00,3154.223,3150.594,3178.7729999999997,3171.1441800000002,0.007723105739226969,-0.0011505210633490103,-362.89999999999054,-363.1799999999905,10438.380000000065,12,Timeout
2025-05-15 03:55:00,2025-05-15 04:55:00,3150.594,3138.574,3171.1441800000002,3161.9733,0.006480367600315221,-0.003815153586910907,-1201.9999999999982,-1202.2799999999982,9236.100000000066,12,Timeout
2025-05-15 04:55:00,2025-05-15 05:55:00,3138.574,3128.902,3161.9733,3150.5179799999996,0.00740022061539863,-0.00308165427993733,-967.2000000000025,-967.4800000000025,8268.620000000063,12,Timeout
2025-05-15 05:55:00,2025-05-15 06:55:00,3128.902,3149.896,3150.5179799999996,3144.15904,0.006861087648831505,0.00670970199769764,2099.400000000014,2099.120000000014,10367.740000000076,12,Timeout
2025-05-15 07:40:00,2025-05-15 08:40:00,3132.228,3158.573,3142.5954,3142.3348800000003,0.0032989929279474183,0.008410945818758979,2634.49999999998,2634.21999999998,13001.960000000056,12,Timeout
2025-05-16 01:15:00,2025-05-16 02:15:00,3223.493,3224.584,3240.5532799999996,3236.7890400000006,0.0052646195034940745,0.00033845272814300964,109.09999999998945,108.81999999998945,13110.780000000044,12,Timeout
2025-05-16 02:15:00,2025-05-16 03:15:00,3224.584,3210.343,3236.7890400000006,3229.50484,0.0037707245820384804,-0.004416383632741459,-1424.0999999999985,-1424.3799999999985,11686.400000000045,12,Timeout
2025-05-16 03:15:00,2025-05-16 04:15:00,3210.343,3215.598,3229.50484,3222.4457399999997,0.005933367791453817,0.0016368967428091357,525.5000000000109,525.2200000000109,12211.620000000055,12,Timeout
2025-05-16 08:05:00,2025-05-16 09:05:00,3204.444,3205.506,3216.13152,3213.2565799999998,0.0036340304889023786,0.000331414747769004,106.19999999998981,105.91999999998981,12317.540000000045,12,Timeout
2025-05-16 10:40:00,2025-05-16 11:40:00,3196.204,3173.919,3208.0052400000004,3198.99464,0.0036786847642431633,-0.006972333430532065,-2228.500000000031,-2228.780000000031,10088.760000000013,12,Timeout
2025-05-16 11:40:00,2025-05-16 12:40:00,3173.919,3178.064,3198.99464,3189.9433599999993,0.007838600192215396,0.0013059564532050068,414.4999999999982,414.2199999999982,10502.98000000001,12,Timeout
2025-05-16 12:40:00,2025-05-16 13:40:00,3178.064,3185.867,3189.9433599999993,3183.1515600000002,0.0037240034255653534,0.0024552683646397113,780.3000000000338,780.0200000000339,11283.000000000044,12,Timeout
2025-05-19 01:50:00,2025-05-19 02:50:00,3219.654,3226.931,3233.5232399999995,3234.28486,0.004289203747921582,0.0022601807523417246,727.7000000000044,727.4200000000044,12010.420000000047,12,Timeout
2025-05-19 03:35:00,2025-05-19 04:35:00,3220.211,3216.142,3231.3880200000003,3225.1072000000004,0.003458891328067911,-0.0012635817963481152,-406.899999999996,-407.17999999999597,11603.24000000005,12,Timeout
2025-05-19 12:55:00,2025-05-19 13:55:00,3229.35,3229.999,3240.82466,3238.67584,0.0035406605428632823,0.00020096923529499348,64.89999999998872,64.61999999998872,11667.860000000039,12,Timeout
2025-05-19 14:00:00,2025-05-19 15:00:00,3222.977,3232.831,3238.3187,3235.8955000000005,0.004737551001388451,0.0030574217563452267,985.4000000000269,985.120000000027,12652.980000000065,12,Timeout
2025-05-20 00:30:00,2025-05-20 01:30:00,3215.601,3228.613,3226.7246,3224.7468599999997,0.0034473347988855005,0.004046521940999432,1301.1999999999716,1300.9199999999717,13953.900000000036,12,Timeout
2025-05-20 02:15:00,2025-05-20 03:15:00,3211.654,3212.845,3223.29498,3219.5593,0.003611515567836775,0.00037083695815296527,119.09999999998035,118.81999999998035,14072.720000000016,12,Timeout
2025-05-21 12:25:00,2025-05-21 13:25:00,3295.799,3304.464,3310.3060800000003,3308.64288,0.004382398379306458,0.0026291045054628523,866.4999999999964,866.2199999999964,14938.940000000011,12,Timeout
2025-05-22 08:25:00,2025-05-22 09:25:00,3318.775,3306.63,3331.4683400000004,3325.37212,0.003810133762219773,-0.0036594827910900805,-1214.4999999999982,-1214.7799999999982,13724.160000000013,12,Timeout
2025-05-22 09:25:00,2025-05-22 10:25:00,3306.63,3299.36,3325.37212,3318.52586,0.005636097051297792,-0.0021986130894596557,-726.9999999999982,-727.2799999999982,12996.880000000014,12,Timeout
2025-05-22 10:25:00,2025-05-22 11:25:00,3299.36,3294.696,3318.52586,3310.26004,0.005775413785686173,-0.0014136074875127948,-466.40000000002146,-466.68000000002144,12530.199999999992,12,Timeout
2025-05-22 11:25:00,2025-05-22 12:25:00,3294.696,3310.675,3310.26004,3305.03426,0.004701757509056661,0.004849916350400847,1597.900000000027,1597.620000000027,14127.820000000018,12,Timeout
2025-05-22 13:55:00,2025-05-22 14:55:00,3287.816,3296.997,3303.2164999999995,3301.7715000000003,0.004662273877597711,0.002792431206612548,918.100000000004,917.820000000004,15045.640000000021,12,Timeout
2025-05-22 15:05:00,2025-05-22 16:05:00,3285.243,3292.709,3301.6127,3300.49058,0.004958092146907538,0.002272586837564191,746.5999999999894,746.3199999999895,15791.96000000001,12,Timeout
2025-05-25 22:05:00,2025-05-25 23:05:00,3347.93,3349.031,3361.9657,3358.47098,0.004174849255600781,0.0003288599223998449,110.10000000001128,109.82000000001128,15901.78000000002,12,Timeout
2025-05-25 23:15:00,2025-05-26 00:15:00,3346.944,3337.646,3357.85128,3352.9706,0.003248291568172102,-0.0027780566391310325,-929.7999999999774,-930.0799999999774,14971.700000000043,12,Timeout
2025-05-26 00:15:00,2025-05-26 01:15:00,3337.646,3341.671,3352.9706,3347.0548599999997,0.004570454629098125,0.0012059397551446847,402.4999999999636,402.21999999996365,15373.920000000006,12,Timeout
2025-05-26 07:10:00,2025-05-26 08:10:00,3334.579,3334.388,3345.9022600000003,3342.97142,0.0033842172066317674,-5.727859498913005e-05,-19.10000000002583,-19.38000000002583,15354.539999999979,12,Timeout
2025-05-26 09:25:00,2025-05-26 10:25:00,3327.279,3331.158,3338.5263400000003,3334.58604,0.0033689535006036072,0.0011658174742785036,387.89999999999054,387.61999999999057,15742.159999999969,12,Timeout
2025-05-27 01:40:00,2025-05-27 02:40:00,3332.086,3341.384,3344.3815799999998,3343.2210600000003,0.0036764883748701825,0.0027904441842138018,929.8000000000229,929.520000000023,16671.679999999993,12,Timeout
2025-05-27 05:10:00,2025-05-27 06:10:00,3328.587,3324.256,3339.50452,3336.5345399999997,0.0032692035404102305,-0.0013011527113457244,-433.1000000000131,-433.38000000001307,16238.29999999998,12,Timeout
2025-05-27 06:10:00,2025-05-27 07:10:00,3324.256,3308.82,3336.5345399999997,3330.0945,0.0036800278411024015,-0.0046434450295042545,-1543.5999999999694,-1543.8799999999694,14694.42000000001,12,Timeout
2025-05-27 07:10:00,2025-05-27 08:10:00,3308.82,3305.704,3330.0945,3320.85204,0.006388557441838359,-0.0009417254489515856,-311.59999999999854,-311.8799999999985,14382.54000000001,12,Timeout
2025-05-27 08:10:00,2025-05-27 09:10:00,3305.704,3306.181,3320.85204,3312.71452,0.004561491995891523,0.00014429604102480492,47.699999999986176,47.419999999986175,14429.959999999995,12,Timeout
2025-05-27 09:30:00,2025-05-27 10:30:00,3297.044,3294.348,3310.5709399999996,3303.87786,0.004085984032711814,-0.0008177021598740911,-269.59999999999127,-269.87999999999124,14160.080000000004,12,Timeout
2025-05-28 03:20:00,2025-05-28 04:20:00,3295.971,3294.521,3307.18456,3303.9446,0.003390666531171802,-0.00043993105521857387,-144.9999999999818,-145.2799999999818,14014.800000000021,12,Timeout
2025-05-28 13:40:00,2025-05-28 14:40:00,3301.402,3304.115,3313.4059400000006,3309.5231400000002,0.0036228401280648725,0.0008217720834965684,271.2999999999738,271.01999999997383,14285.819999999994,12,Timeout
2025-05-28 15:00:00,2025-05-28 16:00:00,3297.725,3295.724,3308.4279600000004,3304.84634,0.0032350591064405493,-0.0006067819481611563,-200.0999999999749,-200.3799999999749,14085.440000000019,12,Timeout
2025-05-28 16:40:00,2025-05-28 17:40:00,3291.874,3297.43,3302.4948000000004,3298.9144199999996,0.0032159929517528987,0.0016877924246189375,555.600000000004,555.320000000004,14640.760000000022,12,Timeout
2025-05-28 22:25:00,2025-05-28 23:25:00,3285.574,3266.226,3296.1827000000003,3291.68004,0.0032184805775481514,-0.0058887731641411685,-1934.7999999999956,-1935.0799999999956,12705.680000000026,12,Timeout
2025-05-28 23:25:00,2025-05-29 00:25:00,3266.226,3261.534,3291.68004,3281.90194,0.007732841494521465,-0.0014365203142709681,-469.2000000000007,-469.4800000000007,12236.200000000024,12,Timeout
2025-05-29 00:25:00,2025-05-29 01:25:00,3261.534,3256.276,3281.90194,3273.1699599999997,0.006206139114564796,-0.001612124846774636,-525.8000000000266,-526.0800000000265,11710.119999999997,12,Timeout
2025-05-29 01:25:00,2025-05-29 02:25:00,3256.276,3265.412,3273.1699599999997,3265.61098,0.00516134518110996,0.0028056589797670613,913.5999999999967,913.3199999999968,12623.439999999993,12,Timeout
2025-05-30 02:20:00,2025-05-30 03:20:00,3302.138,3298.741,3313.7920799999997,3309.8226,0.0035168410445352368,-0.0010287274487013973,-339.69999999999345,-339.9799999999934,12283.46,12,Timeout
2025-05-30 03:20:00,2025-05-30 04:20:00,3298.741,3294.437,3309.8226,3304.9685000000004,0.003348094849554771,-0.0013047402023984567,-430.40000000000873,-430.6800000000087,11852.77999999999,12,Timeout
2025-05-30 04:40:00,2025-05-30 05:40:00,3292.462,3299.356,3303.39444,3298.7818800000005,0.0033094564389955328,0.0020938738245119405,689.4000000000233,689.1200000000233,12541.900000000012,12,Timeout
2025-05-30 13:50:00,2025-05-30 14:50:00,3281.135,3280.625,3296.4788600000006,3292.46324,0.004654621082569419,-0.00015543401902092362,-51.00000000002183,-51.28000000002183,12490.61999999999,12,Timeout
2025-05-30 14:50:00,2025-05-30 15:50:00,3280.625,3288.56,3292.46324,3290.6722800000002,0.0035955572278462376,0.00241874642789101,793.4999999999945,793.2199999999946,13283.839999999984,12,Timeout
2025-06-03 01:00:00,2025-06-03 02:00:00,3372.605,3373.833,3383.6742,3381.1500399999995,0.003271355144062011,0.0003641102352632655,122.80000000000655,122.52000000000655,13406.35999999999,12,Timeout
2025-06-03 02:30:00,2025-06-03 03:30:00,3368.188,3366.191,3379.6128000000003,3374.51868,0.0033805056011150837,-0.0005929003962962572,-199.70000000002983,-199.98000000002983,13206.37999999996,12,Timeout
2025-06-03 03:40:00,2025-06-03 04:40:00,3361.337,3362.456,3373.6869,3368.70734,0.0036606538680279315,0.00033290324653557256,111.90000000001419,111.62000000001419,13317.999999999973,12,Timeout
2025-06-03 13:45:00,2025-06-03 14:45:00,3344.04,3346.306,3357.02516,3353.7062399999995,0.0038680556090917645,0.000677623473403451,226.60000000000764,226.32000000000764,13544.31999999998,12,Timeout
2025-06-04 05:00:00,2025-06-04 06:00:00,3351.723,3352.496,3362.7442600000004,3360.23174,0.003277460058767727,0.00023062765031601308,77.30000000001382,77.02000000001382,13621.339999999993,12,Timeout
2025-06-04 11:25:00,2025-06-04 12:25:00,3346.662,3349.622,3357.94328,3355.7001399999995,0.003359580272600719,0.0008844633847099099,296.00000000000364,295.72000000000367,13917.059999999996,12,Timeout
2025-06-05 13:00:00,2025-06-05 14:00:00,3375.002,3374.506,3391.0310200000004,3390.69428,0.004726886868761348,-0.00014696287587387936,-49.60000000000946,-49.88000000000946,13867.179999999986,12,Timeout
2025-06-05 14:00:00,2025-06-05 15:00:00,3374.506,3368.915,3390.69428,3385.9856800000002,0.00477432604156819,-0.0016568351041604,-559.0999999999894,-559.3799999999894,13307.799999999996,12,Timeout
2025-06-05 15:00:00,2025-06-05 16:00:00,3368.915,3345.056,3385.9856800000002,3375.97188,0.005041568870427197,-0.007082102101121555,-2385.8999999999924,-2386.1799999999926,10921.620000000003,12,Timeout
2025-06-05 16:00:00,2025-06-05 17:00:00,3345.056,3351.409,3375.97188,3365.8606,0.009157623670727973,0.0018992208202194718,635.3000000000065,635.0200000000066,11556.640000000009,12,Timeout
2025-06-05 17:00:00,2025-06-05 18:00:00,3351.409,3353.666,3365.8606,3358.90738,0.0042935824496118085,0.0006734480930259666,225.70000000000618,225.42000000000618,11782.060000000014,12,Timeout
2025-06-06 13:55:00,2025-06-06 14:55:00,3343.265,3326.069,3356.6113400000004,3350.0408999999995,0.003976135050535969,-0.005143475016189238,-1719.5999999999913,-1719.8799999999912,10062.180000000022,12,Timeout
2025-06-06 14:55:00,2025-06-06 15:55:00,3326.069,3332.223,3350.0408999999995,3342.50812,0.0071557036811101486,0.0018502322110575567,615.3999999999996,615.1199999999997,10677.300000000021,12,Timeout
2025-06-06 16:00:00,2025-06-06 17:00:00,3330.769,3325.379,3341.95022,3334.56726,0.0033457171004780536,-0.0016182449158136975,-538.9999999999873,-539.2799999999872,10138.020000000033,12,Timeout
2025-06-06 18:10:00,2025-06-06 19:10:00,3315.334,3316.231,3326.87454,3324.1798799999997,0.0034688834403716244,0.000270560975153752,89.70000000003893,89.42000000003893,10227.440000000071,12,Timeout
2025-06-06 20:00:00,2025-06-08 22:05:00,3309.768,3318.159,3320.9102000000003,3317.0869000000002,0.0033551644967696596,0.0025352230126099704,839.1000000000076,838.8200000000077,11066.260000000078,12,Timeout
2025-06-09 00:40:00,2025-06-09 01:40:00,3302.868,3307.33,3313.48324,3312.06966,0.003203649824406562,0.0013509471162638014,446.1999999999989,445.91999999999894,11512.180000000077,12,Timeout
2025-06-09 01:55:00,2025-06-09 02:55:00,3295.964,3305.534,3311.4739,3308.31702,0.004683684808749366,0.0029035511310196846,957.0000000000164,956.7200000000164,12468.900000000092,12,Timeout
2025-06-10 01:20:00,2025-06-10 02:20:00,3311.431,3305.666,3323.0172799999996,3318.4669599999997,0.0034866746163894563,-0.0017409391891299781,-576.4999999999873,-576.7799999999872,11892.120000000104,12,Timeout
2025-06-10 02:20:00,2025-06-10 03:20:00,3305.666,3307.137,3318.4669599999997,3314.2261,0.0038574920751959446,0.00044499353534204714,147.10000000000036,146.82000000000036,12038.940000000104,12,Timeout
2025-06-10 15:00:00,2025-06-10 16:00:00,3324.598,3327.197,3337.22884,3334.41016,0.003784828852192306,0.0007817486505135839,259.900000000016,259.62000000001603,12298.56000000012,12,Timeout
2025-06-10 16:10:00,2025-06-10 17:10:00,3322.889,3322.508,3334.0440399999998,3330.6950399999996,0.003345798635581204,-0.00011465926186529639,-38.10000000003129,-38.38000000003129,12260.180000000088,12,Timeout
2025-06-11 11:00:00,2025-06-11 12:00:00,3327.102,3329.226,3338.6304000000005,3336.8368200000004,0.003453032716649498,0.0006383934126456751,212.4000000000251,212.1200000000251,12472.300000000112,12,Timeout
2025-06-11 17:35:00,2025-06-11 18:35:00,3321.079,3339.356,3333.09488,3333.32952,0.0036050218888458176,0.005503331899060529,1827.7000000000044,1827.4200000000044,14299.720000000116,12,Timeout
2025-06-12 07:35:00,2025-06-12 08:35:00,3353.262,3358.572,3371.81056,3366.72442,0.005501068245067637,0.0015835326914508754,530.9999999999945,530.7199999999946,14830.44000000011,12,Timeout
2025-06-13 06:45:00,2025-06-13 07:45:00,3408.508,3418.484,3427.2808,3422.71724,0.005477461899240993,0.002926793776045153,997.6000000000113,997.3200000000113,15827.76000000012,12,Timeout
2025-06-13 16:10:00,2025-06-13 17:10:00,3420.186,3431.536,3431.5781,3431.2418199999997,0.0033197845620940485,0.003318532968674776,1134.999999999991,1134.719999999991,16962.480000000112,12,Timeout
2025-06-16 05:00:00,2025-06-16 06:00:00,3425.422,3418.564,3436.4464800000005,3432.92256,0.0032081046697984635,-0.0020020890856659924,-685.8000000000175,-686.0800000000174,16276.400000000094,12,Timeout
2025-06-16 06:00:00,2025-06-16 07:00:00,3418.564,3418.846,3432.92256,3426.82036,0.004182605272633975,8.249077682914604e-05,28.20000000001528,27.92000000001528,16304.320000000109,12,Timeout
2025-06-16 07:05:00,2025-06-16 08:05:00,3414.911,3410.887,3426.34994,3421.0594,0.0033385206415898084,-0.0011783616029817138,-402.3999999999887,-402.6799999999887,15901.64000000012,12,Timeout
2025-06-16 13:50:00,2025-06-16 14:50:00,3389.949,3396.223,3415.2198200000003,3410.3149,0.007399470995105722,0.001850765306498678,627.3999999999887,627.1199999999887,16528.760000000108,12,Timeout
2025-06-16 14:50:00,2025-06-16 15:50:00,3396.223,3403.448,3410.3149,3406.16226,0.004132140407327164,0.0021273632502930196,722.4999999999909,722.2199999999909,17250.980000000098,12,Timeout
2025-06-16 18:55:00,2025-06-16 19:55:00,3385.322,3384.094,3397.05884,3393.1362400000003,0.0034550005027290105,-0.00036274245108739003,-122.80000000000655,-123.08000000000655,17127.900000000092,12,Timeout
2025-06-17 03:05:00,2025-06-17 04:05:00,3385.543,3387.81,3397.2897000000003,3394.42144,0.0034576680346101027,0.0006696119352197935,226.69999999998254,226.41999999998254,17354.320000000076,12,Timeout
2025-06-17 14:30:00,2025-06-17 15:30:00,3375.731,3382.025,3391.26446,3387.80806,0.004580433104883731,0.001864485055236886,629.3999999999869,629.1199999999869,17983.440000000064,12,Timeout
2025-06-17 15:45:00,2025-06-17 16:45:00,3374.518,3383.43,3386.7701999999995,3384.66184,0.003617664995398699,0.0026409697622000556,891.1999999999807,890.9199999999807,18874.360000000044,12,Timeout
2025-06-18 02:00:00,2025-06-18 03:00:00,3376.058,3380.752,3387.1926799999997,3383.4254799999994,0.00328728863455139,0.0013903789567596173,469.399999999996,469.119999999996,19343.48000000004,12,Timeout
2025-06-18 19:00:00,2025-06-18 20:00:00,3376.753,3367.554,3388.77478,3384.5234600000003,0.003547529942370509,-0.0027242146523598467,-919.9000000000069,-920.1800000000069,18423.300000000032,12,Timeout
2025-06-18 20:00:00,2025-06-18 22:00:00,3367.554,3371.443,3384.5234600000003,3378.48718,0.005013840264531732,0.0011548441390992167,388.90000000001237,388.6200000000124,18811.920000000046,12,Timeout
2025-06-19 05:50:00,2025-06-19 06:50:00,3362.007,3355.71,3374.1785600000003,3368.8318400000003,0.00360726611931297,-0.0018729883667702135,-629.7000000000025,-629.9800000000025,18181.940000000042,12,Timeout
2025-06-19 06:50:00,2025-06-19 07:50:00,3355.71,3367.272,3368.8318400000003,3365.1062199999997,0.0038950712363251252,0.003445470556156491,1156.1999999999898,1155.9199999999898,19337.860000000033,12,Timeout
2025-06-20 02:50:00,2025-06-20 03:50:00,3352.175,3354.873,3363.24306,3359.6988,0.0032908891217632084,0.0008048505820847257,269.79999999998654,269.51999999998657,19607.38000000002,12,Timeout
2025-06-23 01:20:00,2025-06-23 02:20:00,3356.159,3362.662,3371.2107,3368.3483599999995,0.004464775814813349,0.0019376316795478704,650.2999999999702,650.0199999999702,20257.39999999999,12,Timeout
2025-06-23 20:45:00,2025-06-23 22:45:00,3369.124,3358.815,3380.1133999999997,3373.90644,0.0032511926966710446,-0.0030598458234246478,-1030.8999999999742,-1031.1799999999741,19226.220000000016,12,Timeout
2025-06-23 22:45:00,2025-06-23 23:45:00,3358.815,3347.698,3373.90644,3366.6911199999995,0.004472987105119651,-0.0033097982472985827,-1111.700000000019,-1111.980000000019,18114.239999999998,12,Timeout
2025-06-23 23:45:00,2025-06-24 00:45:00,3347.698,3352.175,3366.6911199999995,3358.60662,0.005641479815944516,0.0013373368804474946,447.70000000003165,447.4200000000317,18561.66000000003,12,Timeout
2025-06-24 05:25:00,2025-06-24 06:25:00,3338.593,3322.662,3349.3307,3344.81016,0.003205924097014407,-0.004771770623133769,-1593.100000000004,-1593.380000000004,16968.280000000024,12,Timeout
2025-06-24 06:25:00,2025-06-24 07:25:00,3322.662,3321.932,3344.81016,3337.70022,0.006621649343471317,-0.0002197033583313675,-73.00000000000182,-73.28000000000182,16895.000000000022,12,Timeout
2025-06-24 07:25:00,2025-06-24 08:25:00,3321.932,3327.084,3337.70022,3331.77,0.004724276885477864,0.0015509047144854392,515.2000000000044,514.9200000000044,17409.920000000027,12,Timeout
2025-06-24 12:30:00,2025-06-24 13:30:00,3307.852,3308.74,3322.8442200000004,3319.7956599999998,0.0045118636347028455,0.0002684521556586933,88.799999999992,88.519999999992,17498.44000000002,12,Timeout
2025-06-24 13:30:00,2025-06-24 14:30:00,3308.74,3307.348,3319.7956599999998,3315.44608,0.0033302230414988822,-0.0004207039537708691,-139.19999999998254,-139.47999999998254,17358.96000000004,12,Timeout
2025-06-24 14:35:00,2025-06-24 15:35:00,3302.485,3315.986,3314.9863,3310.3111599999997,0.003771146806851027,0.004088133632703782,1350.099999999975,1349.819999999975,18708.780000000013,12,Timeout
2025-06-25 13:30:00,2025-06-25 14:30:00,3312.297,3322.653,3323.68714,3322.0131199999996,0.0034269591331029955,0.003126531225913548,1035.5999999999767,1035.3199999999767,19744.09999999999,12,Timeout
2025-06-26 12:50:00,2025-06-26 13:50:00,3326.874,3328.093,3339.06572,3333.7775800000004,0.0036512369094670767,0.0003664100293548992,121.9000000000051,121.62000000000509,19865.719999999998,12,Timeout
2025-06-26 13:55:00,2025-06-26 14:55:00,3319.925,3318.411,3333.36382,3328.13272,0.004031609126902881,-0.0004560343983674702,-151.40000000001237,-151.68000000001237,19714.039999999986,12,Timeout
2025-06-27 03:10:00,2025-06-27 04:10:00,3305.017,3293.507,3316.55512,3311.1342999999997,0.0034789471552639723,-0.0034825842045592397,-1150.9999999999764,-1151.2799999999763,18562.76000000001,12,Timeout
2025-06-27 04:10:00,2025-06-27 05:10:00,3293.507,3293.735,3311.1342999999997,3305.99518,0.0053236439246815365,6.922711869143302e-05,22.80000000000655,22.520000000006547,18585.280000000017,12,Timeout
2025-06-27 05:10:00,2025-06-27 06:10:00,3293.735,3294.658,3305.99518,3301.10268,0.0037084688066604393,0.0002802289801698602,92.29999999997744,92.01999999997744,18677.299999999996,12,Timeout
2025-06-27 06:35:00,2025-06-27 07:35:00,3287.621,3285.966,3298.67048,3294.12368,0.003349676806760077,-0.000503403524919752,-165.50000000002,-165.78000000002,18511.519999999975,12,Timeout
2025-06-27 12:05:00,2025-06-27 13:05:00,3274.058,3268.054,3285.2422,3282.06382,0.0034043760913579357,-0.0018338099080712393,-600.3999999999905,-600.6799999999905,17910.839999999986,12,Timeout
2025-06-27 13:05:00,2025-06-27 14:05:00,3268.054,3274.301,3282.06382,3277.13248,0.004268600724528192,0.001911535121512632,624.6999999999844,624.4199999999844,18535.25999999997,12,Timeout
2025-06-29 22:15:00,2025-06-29 23:15:00,3261.374,3268.551,3273.0836199999994,3270.03152,0.0035775499068977754,0.0022006062475509202,717.7000000000135,717.4200000000135,19252.679999999982,12,Timeout
2025-06-30 09:30:00,2025-06-30 10:30:00,3279.525,3286.664,3290.9995400000003,3290.30248,0.0034866428452919687,0.0021768396337884673,713.9000000000124,713.6200000000124,19966.299999999996,12,Timeout
2025-06-30 11:20:00,2025-06-30 12:20:00,3275.495,3285.118,3287.92232,3284.3239599999997,0.0037796878364207325,0.0029378765652214546,962.3000000000047,962.0200000000048,20928.32,12,Timeout
2025-07-03 00:00:00,2025-07-03 01:00:00,3346.007,3344.129,3357.0069,3354.41706,0.0032766986567706485,-0.0005612660105015191,-187.80000000001564,-188.08000000001564,20740.239999999983,12,Timeout
2025-07-03 01:05:00,2025-07-03 02:05:00,3342.914,3347.598,3354.1101799999997,3351.1415,0.003338047768007269,0.0014011727492839305,468.39999999997417,468.1199999999742,21208.359999999957,12,Timeout
2025-07-03 09:40:00,2025-07-03 10:40:00,3344.984,3353.284,3355.84984,3353.42168,0.0032378802741662408,0.0024813272649436236,830.0000000000182,829.7200000000182,22038.079999999976,12,Timeout
2025-07-03 12:30:00,2025-07-03 13:30:00,3328.254,3334.734,3349.5011000000004,3342.4429999999998,0.0063433625980897565,0.001946966787991547,648.0000000000018,647.7200000000018,22685.799999999977,12,Timeout
2025-07-03 14:15:00,2025-07-03 15:15:00,3327.62,3327.649,3339.90954,3334.2123000000006,0.003679602651753321,8.714937402707149e-06,2.899999999999636,2.619999999999636,22688.419999999976,12,Timeout
